timestamp,Open,High,Low,Close,Adj Close,Volume,Pivot,R1,S1,R2,S2,R3,S3
2020-07-31,11110.210938,11415.864258,10987.053711,11323.466797,11323.466797,23160469766.0,11242.128255333335,11068.39225266667,11068.39225266667,11670.938802333334,10813.317708333336,12099.749349333333,10384.507161333337
2020-08-01,11322.570313,11794.775391,11239.682617,11759.592773,11759.592773,26075670303.0,11598.016926999999,11401.258462999998,11401.258462999998,12153.109700999998,11042.924153,12708.202474999996,10487.831379000001
2020-08-02,11758.764648,12034.144531,11018.129883,11053.614258,11053.614258,27410067336.0,11368.629557333334,10703.114583666667,10703.114583666667,12384.644205333334,10352.614909333333,13400.658853333334,9336.600261333333
2020-08-03,11043.768555,11453.079102,11012.415039,11246.348633,11246.348633,20271713443.0,11237.280924666666,11021.482747333332,11021.482747333332,11677.944987666666,10796.616861666665,12118.609050666666,10355.952798666665
2020-08-04,11246.203125,11385.381836,11094.145508,11205.892578,11205.892578,21250197042.0,11228.473307333334,11071.564778666667,11071.564778666667,11519.709635333335,10937.236979333333,11810.945963333335,10646.000651333332
2020-08-05,11203.823242,11786.617188,11158.285156,11747.022461,11747.022461,24411254471.0,11563.974935,11341.332682,11341.332682,12192.306967,10935.642903,12820.638999,10307.310871
2020-08-06,11749.871094,11902.335938,11598.713867,11779.773438,11779.773438,23400740340.0,11760.274414333335,11618.21289066667,11618.21289066667,12063.896485333335,11456.652343333335,12367.518556333334,11153.030272333335
2020-08-07,11778.894531,11898.038086,11408.59375,11601.472656,11601.472656,23132312867.0,11636.034830666666,11374.03157533333,11374.03157533333,12125.479166666666,11146.590494666665,12614.923502666667,10657.146158666665
2020-08-08,11604.553711,11800.064453,11558.431641,11754.045898,11754.045898,17572057837.0,11704.180664,11608.296874999998,11608.296874999998,11945.813476000001,11462.547851999998,12187.446288000003,11220.915039999996
2020-08-09,11737.325195,11806.056641,11548.78418,11675.739258,11675.739258,17489608833.0,11676.860026333334,11547.663411666668,11547.663411666668,11934.132487333332,11419.587565333335,12191.404948333331,11162.315104333336
2020-08-10,11662.256836,12045.140625,11662.256836,11878.111328,11878.111328,26114112569.0,11861.836263,11678.531900999998,11678.531900999998,12244.720051999999,11478.952474,12627.603840999998,11096.068685
2020-08-11,11881.647461,11932.710938,11195.708984,11410.525391,11410.525391,27039782640.0,11512.981771,11093.252604000001,11093.252604000001,12249.983725,10775.979817000001,12986.985679,10038.977863000002
2020-08-12,11404.59668,11748.396484,11249.605469,11584.93457,11584.93457,25064548486.0,11527.645507666666,11306.894531333332,11306.894531333332,12026.436522666667,11028.854492666665,12525.227537666668,10530.063477666665
2020-08-13,11588.405273,11796.396484,11216.87207,11784.137695,11784.137695,27522199497.0,11599.135416333333,11401.874348666664,11401.874348666664,12178.659830333334,11019.611002333331,12758.184244333335,10440.08658833333
2020-08-14,11772.65918,12150.994141,11685.455078,11768.871094,11768.871094,24237958589.0,11868.440104333335,11585.88606766667,11585.88606766667,12333.979167333333,11402.901041333336,12799.518230333331,10937.361978333338
2020-08-15,11768.697266,11963.203125,11768.697266,11865.698242,11865.698242,23354924400.0,11865.866211,11768.529297000001,11768.529297000001,12060.372070000001,11671.360352,12254.877929000002,11476.854492999999
2020-08-16,11866.685547,11934.901367,11737.188477,11892.803711,11892.803711,20583375490.0,11854.964518333334,11775.027669666668,11775.027669666668,12052.677408333335,11657.251628333333,12250.390298333336,11459.538738333333
2020-08-17,11895.658203,12359.056641,11806.696289,12254.402344,12254.402344,28227687027.0,12140.051758,11921.046875,11921.046875,12692.41211,11587.691406,13244.772461999999,11035.331054
2020-08-18,12251.895508,12335.707031,11954.525391,11991.233398,11991.233398,26043227672.0,12093.82194,11851.936849,11851.936849,12475.00358,11712.6403,12856.185220000001,11331.458659999998
2020-08-19,11990.884766,12028.923828,11687.333008,11758.283203,11758.283203,24502851117.0,11824.846679666667,11620.769531333333,11620.769531333333,12166.437499666668,11483.255859666666,12508.02831966667,11141.665039666665
2020-08-20,11761.5,11900.411133,11710.063477,11878.37207,11878.37207,20175242945.0,11829.615559999998,11758.819986999997,11758.819986999997,12019.963215999998,11639.267903999998,12210.310871999998,11448.920247999999
2020-08-21,11878.026367,11899.259766,11564.979492,11592.489258,11592.489258,23762425999.0,11685.576172000001,11471.892578000003,11471.892578000003,12019.856446,11351.295898000002,12354.136719999999,11017.015624000003
2020-08-22,11585.477539,11689.407227,11448.805664,11681.825195,11681.825195,20224191306.0,11606.679362,11523.951497000002,11523.951497000002,11847.280925000001,11366.077799,12087.882488000001,11125.476236
2020-08-23,11679.696289,11713.429688,11559.920898,11664.847656,11664.847656,18482062658.0,11646.066080666666,11578.702473333331,11578.702473333331,11799.574870666665,11492.557290666666,11953.083660666665,11339.048500666666
2020-08-24,11663.689453,11807.631836,11623.25,11774.595703,11774.595703,20681511755.0,11735.159179666667,11662.686523333334,11662.686523333334,11919.541015666668,11550.777343666667,12103.922851666668,11366.395507666666
2020-08-25,11773.588867,11778.299805,11189.850586,11366.134766,11366.134766,26301509932.0,11444.761719000002,11111.223633000003,11111.223633000003,12033.210938000002,10856.312500000002,12621.660157000002,10267.863281000002
2020-08-26,11366.894531,11530.052734,11296.993164,11488.363281,11488.363281,22466660958.0,11438.469726333335,11346.886718666668,11346.886718666668,11671.529296333336,11205.410156333333,11904.588866333337,10972.350586333332
2020-08-27,11485.608398,11570.786133,11185.941406,11323.397461,11323.397461,23240415076.0,11360.041666666666,11149.297200333333,11149.297200333333,11744.886393666666,10975.196939666666,12129.731120666665,10590.352212666667
2020-08-28,11325.295898,11545.615234,11316.422852,11542.5,11542.5,19807127588.0,11468.179362,11390.74349,11390.74349,11697.371744000002,11238.98698,11926.564126000003,11009.794597999999
2020-08-29,11541.054688,11585.640625,11466.292969,11506.865234,11506.865234,17485597759.0,11519.599609333332,11453.558593666665,11453.558593666665,11638.947265333332,11400.251953333332,11758.294921333332,11280.904297333333
2020-08-30,11508.713867,11715.264648,11492.381836,11711.505859,11711.505859,19760127945.0,11639.717447666668,11564.170247333335,11564.170247333335,11862.600259666668,11416.834635666668,12085.483071666667,11193.951823666668
2020-08-31,11713.306641,11768.876953,11598.318359,11680.820313,11680.820313,22285928250.0,11682.671875,11596.466797,11596.466797,11853.230469,11512.113281,12023.789063,11341.554687
2020-09-01,11679.316406,12067.081055,11601.128906,11970.478516,11970.478516,27311555343.0,11879.562825666668,11692.044596333335,11692.044596333335,12345.514974666668,11413.610676666667,12811.467123666669,10947.658527666666
2020-09-02,11964.823242,11964.823242,11290.793945,11414.03418,11414.03418,28037405299.0,11556.550455666666,11148.27766933333,11148.27766933333,12230.579752666667,10882.521158666665,12904.609049666667,10208.491861666664
2020-09-03,11407.191406,11443.022461,10182.464844,10245.296875,10245.296875,31927261555.0,10623.594726666668,9804.166992333336,9804.166992333336,11884.152343666668,9363.037109666668,13144.709960666669,8102.479492666667
2020-09-04,10230.365234,10663.919922,10207.94043,10511.813477,10511.813477,29965130374.0,10461.224609666666,10258.529297333333,10258.529297333333,10917.204101666664,10005.245117666667,11373.183593666663,9549.265625666669
2020-09-05,10512.530273,10581.571289,9946.675781,10169.567383,10169.567383,44916565292.0,10232.604817666666,9883.638346333333,9883.638346333333,10867.500325666666,9597.709309666667,11502.395833666666,8962.813801666667
2020-09-06,10167.216797,10353.927734,10056.885742,10280.351563,10280.351563,37071460174.0,10230.388346333335,10106.84895866667,10106.84895866667,10527.430338333335,9933.346354333335,10824.472330333336,9636.304362333334
2020-09-07,10280.998047,10399.15332,9916.493164,10369.563477,10369.563477,33703098409.0,10228.403320333333,10057.653320666666,10057.653320666666,10711.063476333333,9745.743164333333,11193.723632333333,9263.083008333333
2020-09-08,10369.306641,10414.775391,9945.110352,10131.516602,10131.516602,33430927462.0,10163.800781666667,9912.826172333334,9912.826172333334,10633.465820666666,9694.135742666667,11103.130859666666,9224.470703666668
2020-09-09,10134.151367,10350.542969,10017.250977,10242.347656,10242.347656,24128292755.0,10203.380533999998,10056.218098999996,10056.218098999996,10536.672525999998,9870.088541999998,10869.964517999999,9536.796549999997
2020-09-10,10242.330078,10503.912109,10238.135742,10363.138672,10363.138672,54406443211.0,10368.395507666668,10232.878906333335,10232.878906333335,10634.171874666668,10102.619140666668,10899.948241666669,9836.842773666667
2020-09-11,10369.02832,10434.922852,10140.836914,10400.915039,10400.915039,45201121775.0,10325.558268333332,10216.193684666665,10216.193684666665,10619.644206333332,10031.472330333332,10913.730144333333,9737.386392333332
2020-09-12,10409.861328,10578.837891,10292.386719,10442.170898,10442.170898,36750077324.0,10437.798502666667,10296.759114333334,10296.759114333334,10724.249674666666,10151.347330666667,11010.700846666665,9864.896158666668
2020-09-13,10452.399414,10577.214844,10224.330078,10323.755859,10323.755859,36506852789.0,10375.100260333335,10172.985676666669,10172.985676666669,10727.985026333334,10022.215494333335,11080.869792333333,9669.330728333336
2020-09-14,10328.734375,10800.010742,10266.008789,10680.837891,10680.837891,35453581940.0,10582.285807333332,10364.560872666663,10364.560872666663,11116.287760333333,10048.283854333331,11650.289713333334,9514.28190133333
2020-09-15,10677.754883,10938.631836,10656.459961,10796.951172,10796.951172,32509451925.0,10797.347656333333,10656.063476666666,10656.063476666666,11079.519531333333,10515.175781333333,11361.691406333333,10233.003906333333
2020-09-16,10797.761719,11100.124023,10704.884766,10974.905273,10974.905273,30769986455.0,10926.638020666665,10753.15201833333,10753.15201833333,11321.877277666666,10531.398763666664,11717.116534666668,10136.159506666663
2020-09-17,10973.251953,11037.420898,10774.62793,10948.990234,10948.990234,38151810523.0,10920.346354,10803.271809999998,10803.271809999998,11183.139321999999,10657.553386,11445.932289999999,10394.760418
2020-09-18,10951.820313,11034.908203,10829.657227,10944.585938,10944.585938,26341903912.0,10936.383789333335,10837.859375666669,10837.859375666669,11141.634765333336,10731.132813333334,11346.885741333337,10525.881837333332
2020-09-19,10933.75293,11134.092773,10909.618164,11094.34668,11094.34668,22764204008.0,11046.019205666666,10957.94563833333,10957.94563833333,11270.493814666666,10821.544596666665,11494.968423666667,10597.069987666664
2020-09-20,11095.870117,11095.870117,10814.477539,10938.271484,10938.271484,24699523788.0,10949.539713333332,10803.209309666663,10803.209309666663,11230.932291333333,10668.14713533333,11512.324869333333,10386.75455733333
2020-09-21,10934.925781,10988.304688,10380.260742,10462.259766,10462.259766,28884999244.0,10610.275065333333,10232.245442666666,10232.245442666666,11218.319011333333,10002.231119333333,11826.362957333333,9394.187173333334
2020-09-22,10459.624023,10568.077148,10382.726563,10538.459961,10538.459961,23621787804.0,10496.421224,10424.7653,10424.7653,10681.771809,10311.070639,10867.122394,10125.720054
2020-09-23,10539.457031,10637.847656,10185.774414,10225.864258,10225.864258,22986733997.0,10349.828776,10061.809896,10061.809896,10801.902018,9897.755534,11253.975260000001,9445.682292
2020-09-24,10227.479492,10765.794922,10215.205078,10745.548828,10745.548828,23017536742.0,10575.516276,10385.237630000001,10385.237630000001,11126.106119999999,10024.926432000002,11676.695963999997,9474.336588000004
2020-09-25,10747.472656,10757.548828,10594.047852,10702.290039,10702.290039,21232549821.0,10684.628906333333,10611.708984666666,10611.708984666666,10848.129882333335,10521.127930333332,11011.630858333336,10357.626954333331
2020-09-26,10702.237305,10778.5,10682.082031,10754.4375,10754.4375,18105012128.0,10738.339843666667,10698.179687333333,10698.179687333333,10834.757812666667,10641.921874666667,10931.175781666667,10545.503905666666
2020-09-27,10752.939453,10804.732422,10643.458008,10774.426758,10774.426758,18016880214.0,10740.872395999999,10677.012369999999,10677.012369999999,10902.146809999998,10579.597982,11063.421223999998,10418.323568
2020-09-28,10771.641602,10949.123047,10716.676758,10721.327148,10721.327148,22720365389.0,10795.708984333332,10642.294921666666,10642.294921666666,11028.155273333332,10563.262695333333,11260.601562333331,10330.816406333333
2020-09-29,10712.462891,10858.939453,10665.344727,10848.830078,10848.830078,20459870042.0,10791.038086,10723.136719,10723.136719,10984.632812000002,10597.44336,11178.227538000003,10403.848633999998
2020-09-30,10845.411133,10856.52832,10689.670898,10787.618164,10787.618164,20759622010.0,10777.939127333333,10699.349934666667,10699.349934666667,10944.796549333332,10611.081705333334,11111.653971333331,10444.224283333335
2020-10-01,10785.010742,10915.84375,10493.552734,10623.330078,10623.330078,27178227816.0,10677.575520666667,10439.307291333334,10439.307291333334,11099.866536666666,10255.284504666668,11522.157552666666,9832.993488666669
2020-10-02,10624.390625,10662.813477,10440.311523,10585.164063,10585.164063,23127839259.0,10562.763021,10462.712565000002,10462.712565000002,10785.264975,10340.261067000001,11007.766929,10117.759113000002
2020-10-03,10583.806641,10614.091797,10527.978516,10565.493164,10565.493164,17094010304.0,10569.187825666666,10524.283854333333,10524.283854333333,10655.301106666666,10483.074544666666,10741.414387666666,10396.961263666666
2020-10-04,10567.919922,10700.791016,10531.342773,10684.428711,10684.428711,17546792792.0,10638.854166666666,10576.917317333333,10576.917317333333,10808.302409666665,10469.405923666667,10977.750652666664,10299.957680666668
2020-10-05,10688.03418,10804.000977,10646.443359,10804.000977,10804.000977,19385191766.0,10751.481771,10698.962565000002,10698.962565000002,10909.039389,10593.924153000002,11066.597006999998,10436.366535000003
2020-10-06,10799.77832,10803.456055,10565.197266,10621.664063,10621.664063,22264958686.0,10663.439128,10523.422201,10523.422201,10901.697917000001,10425.180338999999,11139.956706000003,10186.921549999997
2020-10-07,10619.803711,10687.268555,10591.963867,10679.136719,10679.136719,17634388529.0,10652.789713666667,10618.310872333333,10618.310872333333,10748.094401666667,10557.485025666667,10843.399089666667,10462.180337666667
2020-10-08,10677.625,10939.799805,10569.823242,10923.62793,10923.62793,21962121001.0,10811.083659000002,10682.367513000003,10682.367513000003,11181.060222000002,10441.107096000002,11551.036785000002,10071.130533000001
2020-10-09,,,,,,,,,,,,,
2020-10-10,11059.142578,11442.210938,11056.94043,11296.361328,11296.361328,22877978588.0,11265.170898666665,11088.13085933333,11088.13085933333,11650.441406666665,10879.900390666666,12035.711914666665,10494.629882666666
2020-10-11,11296.082031,11428.813477,11288.62793,11384.181641,11384.181641,19968627060.0,11367.207682666665,11305.60188833333,11305.60188833333,11507.393229666664,11227.022135666666,11647.578776666664,11086.836588666667
2020-10-12,,,,,,,,,,,,,
2020-10-13,,,,,,,,,,,,,
2020-10-14,11429.047852,11539.977539,11307.831055,11429.506836,11429.506836,24103426719.0,11425.77181,11311.566081,11311.566081,11657.918294,11193.625326000001,11890.064777999998,10961.478842000002
2020-10-15,11426.602539,11569.914063,11303.603516,11495.349609,11495.349609,24487233058.0,11456.289062666669,11342.664062333337,11342.664062333337,11722.59960966667,11189.978515666668,11988.91015666667,10923.667968666667
2020-10-16,11502.828125,11540.061523,11223.012695,11322.123047,11322.123047,25635480772.0,11361.732421666668,11183.403320333335,11183.403320333335,11678.781249666668,11044.683593666667,11995.83007766667,10727.634765666666
2020-10-17,11322.123047,11386.261719,11285.345703,11358.101563,11358.101563,19130430174.0,11343.236328333334,11300.210937666669,11300.210937666669,11444.152344333334,11242.320312333335,11545.068360333333,11141.404296333336
2020-10-18,11355.982422,11483.359375,11347.578125,11483.359375,11483.359375,18283314340.0,11438.098958333334,11392.838541666668,11392.838541666668,11573.880208333334,11302.317708333334,11709.661458333334,11166.536458333334
2020-10-19,11495.038086,11799.092773,11408.290039,11742.037109,11742.037109,23860769928.0,11649.806640333334,11500.520507666668,11500.520507666668,12040.609374333335,11259.003906333333,12431.412108333336,10868.201172333333
2020-10-20,11745.974609,11999.917969,11681.480469,11916.334961,11916.334961,30915821592.0,11865.911133000001,11731.904297000003,11731.904297000003,12184.348633000001,11547.473633000001,12502.786133000001,11229.036133000001
2020-10-21,11913.077148,13184.566406,11900.928711,12823.689453,12823.689453,43414712626.0,12636.394856666666,12088.223307333332,12088.223307333332,13920.032551666665,11352.757161666666,15203.670246666665,10069.119466666667
2020-10-22,12801.635742,13161.59375,12717.09375,12965.891602,12965.891602,34729759598.0,12948.193034000002,12734.792318000003,12734.792318000003,13392.693034000002,12503.693034000002,13837.193034000002,12059.193034000002
2020-10-23,12971.548828,13015.961914,12752.647461,12931.539063,12931.539063,28974975003.0,12900.049479333335,12784.13704466667,12784.13704466667,13163.363932333334,12636.735026333336,13426.678385333333,12373.420573333337
2020-10-24,12931.574219,13145.066406,12885.74707,13108.0625,13108.0625,24542317940.0,13046.291991999999,12947.517577999997,12947.517577999997,13305.611327999999,12786.972655999998,13564.930664,12527.653319999998
2020-10-25,13108.063477,13329.183594,12910.061523,13031.173828,13031.173828,24406920575.0,13090.139648333332,12851.095702666664,12851.095702666664,13509.261719333332,12671.017577333332,13928.383790333331,12251.895506333332
2020-10-26,13031.201172,13225.297852,12822.382813,13075.248047,13075.248047,29461458313.0,13040.976237333334,12856.654622666669,12856.654622666669,13443.891276333334,12638.061198333335,13846.806315333333,12235.146159333335
2020-10-27,13075.242188,13759.668945,13060.837891,13654.21875,13654.21875,33749878156.0,13491.575195333333,13223.481445666666,13223.481445666666,14190.406249333333,12792.744141333333,14889.237303333333,12093.913087333332
2020-10-28,13654.214844,13837.695313,12932.250977,13271.285156,13271.285156,35867318895.0,13347.077148666665,12856.45898433333,12856.45898433333,14252.521484666666,12441.632812666665,15157.965820666666,11536.188476666664
2020-10-29,13271.298828,13612.047852,12980.05957,13437.882813,13437.882813,56499499598.0,13343.330078333334,13074.612304666669,13074.612304666669,13975.318360333335,12711.341796333334,14607.306642333335,12079.353514333334
2020-10-30,13437.874023,13651.516602,13136.198242,13546.522461,13546.522461,30581485201.0,13444.745768333334,13237.974934666669,13237.974934666669,13960.064128333333,12929.427408333335,14475.382488333333,12414.109048333336
2020-10-31,13546.532227,14028.213867,13457.530273,13780.995117,13780.995117,30306464719.0,13755.579752333333,13482.945637666666,13482.945637666666,14326.263346333333,13184.896158333333,14896.946940333333,12614.212564333333
2020-11-01,13780.995117,13862.033203,13628.37793,13737.109375,13737.109375,24453857900.0,13742.506836,13622.980469,13622.980469,13976.162109,13508.851563,14209.817382000001,13275.19629
2020-11-02,13737.032227,13808.323242,13243.160156,13550.489258,13550.489258,30771455468.0,13533.990885333333,13259.658528666665,13259.658528666665,14099.153971333333,12968.827799333332,14664.317057333334,12403.664713333332
2020-11-03,13550.451172,13984.981445,13325.441406,13950.300781,13950.300781,29869951617.0,13753.574544000001,13522.167643000002,13522.167643000002,14413.114583,13094.034505000001,15072.654622,12434.494466000002
2020-11-04,13950.488281,14218.766602,13580.47168,14133.707031,14133.707031,35116364962.0,13977.648437666665,13736.53027333333,13736.53027333333,14615.943359666664,13339.353515666666,15254.238281666663,12701.058593666667
2020-11-05,14133.733398,15706.404297,14102.088867,15579.848633,15579.848633,40856321439.0,15129.447265666668,14552.490234333336,14552.490234333336,16733.762695666665,13525.131835666669,18338.078125666667,11920.81640566667
2020-11-06,15579.729492,15903.4375,15226.839844,15565.880859,15565.880859,39837841971.0,15565.386067666666,15227.334635333333,15227.334635333333,16241.983723666666,14888.788411666666,16918.581379666666,14212.190755666667
2020-11-07,15565.880859,15737.095703,14423.203125,14833.753906,14833.753906,35024953706.0,14998.017577999999,14258.939452999997,14258.939452999997,16311.910156,13684.124999999998,17625.802734,12370.232421999997
2020-11-08,14833.753906,15637.320313,14744.110352,15479.567383,15479.567383,26632075029.0,15286.999349333333,14936.678385666666,14936.678385666666,16180.209310333334,14393.789388333333,17073.419271333332,13500.579427333332
2020-11-09,15479.595703,15785.136719,14865.529297,15332.31543,15332.31543,34149115566.0,15327.660482,14870.184244999999,14870.184244999999,16247.267904,14408.053059999998,17166.875326,13488.445637999997
2020-11-10,15332.350586,15450.329102,15124.959961,15290.902344,15290.902344,25574938143.0,15288.730469,15127.131836,15127.131836,15614.09961,14963.361328,15939.468750999999,14637.992187000002
2020-11-11,15290.90918,15916.260742,15290.006836,15701.339844,15701.339844,29772374934.0,15635.869140666668,15355.477539333335,15355.477539333335,16262.123046666668,15009.615234666668,16888.376952666666,14383.361328666668
2020-11-12,15701.298828,16305.003906,15534.771484,16276.34375,16276.34375,34175758344.0,16038.706380000001,15772.408854000003,15772.408854000003,16808.938802,15268.473958000002,17579.171223999998,14498.241536000003
2020-11-13,16276.44043,16463.177734,15992.152344,16317.808594,16317.808594,31599492172.0,16257.712890666668,16052.248047333334,16052.248047333334,16728.73828066667,15786.687500666667,17199.763670666667,15315.662110666666
2020-11-14,16317.808594,16317.808594,15749.193359,16068.138672,16068.138672,27481710135.0,16045.046875,15772.285156,15772.285156,16613.662109999997,15476.43164,17182.277345,14907.816405000001
2020-11-15,16068.139648,16123.110352,15793.53418,15955.587891,15955.587891,23653867583.0,15957.410807666665,15791.71126333333,15791.71126333333,16286.986979666664,15627.834635666666,16616.56315166666,15298.258463666667
2020-11-16,15955.577148,16816.181641,15880.706055,16716.111328,16716.111328,31526766675.0,16470.999674666666,16125.817708333332,16125.817708333332,17406.475260666666,15535.524088666667,18341.950846666663,14600.048502666668
2020-11-17,16685.691406,17782.919922,16564.544922,17645.40625,17645.40625,39006849170.0,17330.957031333335,16878.99414066667,16878.99414066667,18549.332031333335,16112.582031333335,19767.707031333335,14894.207031333335
2020-11-18,17645.191406,18393.949219,17352.90625,17804.005859,17804.005859,49064800278.0,17850.287109333334,17306.62499966667,17306.62499966667,18891.330078333332,16809.244140333336,19932.37304733333,15768.201171333338
2020-11-19,17803.861328,18119.546875,17382.554688,17817.089844,17817.089844,36985055355.0,17773.063802333334,17426.580729666668,17426.580729666668,18510.055989333334,17036.071615333334,19247.048176333334,16299.079428333334
2020-11-20,17817.083984,18773.226563,17765.794922,18621.314453,18621.314453,36992873940.0,18386.778646000002,18000.330729000005,18000.330729000005,19394.210287,17379.347005000003,20401.641928,16371.915364000004
2020-11-21,18621.316406,18936.621094,18444.359375,18642.232422,18642.232422,39650210707.0,18674.404297,18412.187500000004,18412.187500000004,19166.666016,18182.142578000003,19658.927734999997,17689.880859000004
2020-11-22,18642.232422,18688.96875,17671.384766,18370.001953,18370.001953,41280434226.0,18243.451823,17797.934896,17797.934896,19261.035807,17225.867839,20278.619791,16208.283854999998
2020-11-23,18370.017578,18711.425781,18000.796875,18364.121094,18364.121094,42741112308.0,18358.78125,18006.136719,18006.136719,19069.410156,17648.152344,19780.039062000003,16937.523437999997
2020-11-24,18365.015625,19348.271484,18128.65625,19107.464844,19107.464844,51469565009.0,18861.464192666666,18374.656901333332,18374.656901333332,20081.079426666667,17641.848958666666,21300.694660666668,16422.233724666665
2020-11-25,19104.410156,19390.964844,18581.146484,18732.121094,18732.121094,43710357371.0,18901.410807333334,18411.85677066667,18411.85677066667,19711.22916733333,18091.592447333336,20521.04752733333,17281.77408733334
2020-11-26,18729.839844,18866.285156,16351.035156,17150.623047,17150.623047,61396835737.0,17455.981119666667,16045.677083333332,16045.677083333332,19971.23111966667,14940.731119666665,22486.48111966667,12425.481119666663
2020-11-27,17153.914063,17445.023438,16526.423828,17108.402344,17108.402344,38886494645.0,17026.61653666667,16608.209635333336,16608.209635333336,17945.21614666667,16108.016926666667,18863.81575666667,15189.417316666666
2020-11-28,17112.933594,17853.939453,16910.652344,17717.414063,17717.414063,32601040734.0,17494.001953333336,17134.064453666673,17134.064453666673,18437.289062333337,16550.714844333335,19380.576171333338,15607.427735333335
2020-11-29,17719.634766,18283.628906,17559.117188,18177.484375,18177.484375,31133957704.0,18006.743489666667,17729.858073333333,17729.858073333333,18731.25520766667,17282.231771666666,19455.76692566667,16557.720053666664
2020-11-30,18178.322266,19749.263672,18178.322266,19625.835938,19625.835938,47728480399.0,19184.47395866667,18619.684245333337,18619.684245333337,20755.41536466667,17613.532552666667,22326.356770666673,16042.591146666666
2020-12-01,19633.769531,19845.974609,18321.921875,18802.998047,18802.998047,49633658712.0,18990.298177,18134.621745,18134.621745,20514.350911,17466.245443,22038.403645000002,15942.192708999999
2020-12-02,18801.744141,19308.330078,18347.71875,19201.091797,19201.091797,37387697139.0,18952.380208333332,18596.430338666665,18596.430338666665,19912.99153633333,17991.768880333333,20873.60286433333,17031.157552333334
2020-12-03,19205.925781,19566.191406,18925.785156,19445.398438,19445.398438,31930317405.0,19312.458333333332,19058.725260666663,19058.725260666663,19952.864583333332,18672.052083333332,20593.270833333332,18031.645833333332
2020-12-04,19446.966797,19511.404297,18697.193359,18699.765625,18699.765625,33872388058.0,18969.454427,18427.504557,18427.504557,19783.665365,18155.243489,20597.876303,17341.032551
2020-12-05,18698.384766,19160.449219,18590.193359,19154.230469,19154.230469,27242455064.0,18968.291015666666,18776.132812333333,18776.132812333333,19538.546875666663,18398.03515566667,20108.80273566666,17827.77929566667
2020-12-06,19154.179688,19390.5,18897.894531,19345.121094,19345.121094,25293775714.0,19211.171875,19031.84375,19031.84375,19703.777344,18718.566406,20196.382812999997,18225.960937000003
2020-12-07,19343.128906,19411.828125,18931.142578,19191.630859,19191.630859,26896357742.0,19178.200520666665,18944.57291633333,18944.57291633333,19658.886067666666,18697.514973666664,20139.571614666667,18216.829426666663
2020-12-08,19191.529297,19283.478516,18269.945313,18321.144531,18321.144531,31692288756.0,18624.85612,17966.233724,17966.233724,19638.389323,17611.322917,20651.922526,16597.789714000002
2020-12-09,18320.884766,18626.292969,17935.546875,18553.916016,18553.916016,34420373071.0,18371.91862,18117.544271000002,18117.544271000002,19062.664714,17681.172526000002,19753.410807999997,16990.426432000004
2020-12-10,18553.298828,18553.298828,17957.064453,18264.992188,18264.992188,25547132265.0,18258.451823,17963.604818,17963.604818,18854.686198,17662.217448,19450.920573,17065.983073
2020-12-11,18263.929688,18268.453125,17619.533203,18058.904297,18058.904297,27919640985.0,17982.296875,17696.140625,17696.140625,18631.216797,17333.376953,19280.136719000002,16684.457030999998
2020-12-12,18051.320313,18919.550781,18046.041016,18803.65625,18803.65625,21752580802.0,18589.749349,18259.947917,18259.947917,19463.259114000004,17716.239584,20336.768879000007,16842.729818999996
2020-12-13,18806.765625,19381.535156,18734.332031,19142.382813,19142.382813,25450468637.0,19086.083333333332,18790.631510666663,18790.631510666663,19733.286458333332,18438.880208333332,20380.489583333332,17791.677083333332
2020-12-14,19144.492188,19305.099609,19012.708984,19246.644531,19246.644531,22473997681.0,19188.151041333334,19071.202473666668,19071.202473666668,19480.541666333334,18895.760416333334,19772.932291333334,18603.369791333334
2020-12-15,19246.919922,19525.007813,19079.841797,19417.076172,19417.076172,26741982541.0,19340.641927333334,19156.276041666668,19156.276041666668,19785.807943333333,18895.475911333335,20230.973959333332,18450.309895333336
2020-12-16,19418.818359,21458.908203,19298.316406,21310.597656,21310.597656,44409011479.0,20689.27408833333,19919.639973666664,19919.639973666664,22849.86588533333,18528.682291333334,25010.457682333326,16368.090494333337
2020-12-17,21308.351563,23642.660156,21234.675781,22805.162109,22805.162109,71378606374.0,22560.832682000004,21479.005208000006,21479.005208000006,24968.817057000004,20152.848307000004,27376.801432000004,17744.863932000004
2020-12-18,22806.796875,23238.601563,22399.8125,23137.960938,23137.960938,40387896275.0,22925.45833366667,22612.31510433334,22612.31510433334,23764.24739666667,22086.66927066667,24603.03645966667,21247.88020766667
2020-12-19,23132.865234,24085.855469,22826.472656,23869.832031,23869.832031,38487546580.0,23594.053385333333,23102.251301666667,23102.251301666667,24853.43619833333,22334.670572333336,26112.819011333326,21075.28775933334
2020-12-20,23861.765625,24209.660156,23147.710938,23477.294922,23477.294922,37844228422.0,23611.55533866667,23013.450521333336,23013.450521333336,24673.50455666667,22549.606120666667,25735.453774666672,21487.656902666666
2020-12-21,23474.455078,24059.982422,22159.367188,22803.082031,22803.082031,45852713981.0,23007.47721366667,21954.972005333337,21954.972005333337,24908.09244766667,21106.861979666668,26808.70768166667,19206.246745666667
2020-12-22,22794.039063,23789.902344,22430.605469,23783.029297,23783.029297,44171632681.0,23334.51237,22879.122396000002,22879.122396000002,24693.809245,21975.215495,26053.10612,20615.91862
2020-12-23,23781.974609,24024.490234,22802.646484,23241.345703,23241.345703,51146161904.0,23356.160806999997,22687.831379999992,22687.831379999992,24578.004556999997,22134.317056999997,25799.848306999997,20912.473306999997
2020-12-24,23240.203125,23768.337891,22777.597656,23735.949219,23735.949219,41080759713.0,23427.294922,23086.251953000003,23086.251953000003,24418.035157,22436.554687000003,25408.775391999996,21445.814452000006
2020-12-25,23733.570313,24710.101563,23463.673828,24664.791016,24664.791016,42068395846.0,24279.52213566667,23848.94270833334,23848.94270833334,25525.94987066667,23033.09440066667,26772.377605666672,21786.666665666668
2020-12-26,24677.015625,26718.070313,24522.689453,26437.037109,26437.037109,48332647295.0,25892.598958333332,25067.127603666664,25067.127603666664,28087.979818333333,23697.21809833333,30283.360678333334,21501.83723833333
2020-12-27,26439.373047,28288.839844,25922.769531,26272.294922,26272.294922,66479895605.0,26827.968099,25367.096354000005,25367.096354000005,29194.038411999998,24461.897786000005,31560.108724999995,22095.82747300001
2020-12-28,26280.822266,27389.111328,26207.640625,27084.808594,27084.808594,49056742893.0,26893.853515666666,26398.595703333332,26398.595703333332,28075.324218666665,25712.382812666667,29256.794921666664,24530.912109666668
2020-12-29,27081.810547,27370.720703,25987.298828,27362.4375,27362.4375,45265946774.0,26906.819010333333,26442.917317666666,26442.917317666666,28290.240885333333,25523.397135333333,29673.662760333333,24139.975260333333
2020-12-30,27360.089844,28937.740234,27360.089844,28840.953125,28840.953125,51287442704.0,28379.594401,27821.448567999996,27821.448567999996,29957.244791,26801.944010999996,31534.895181000004,25224.293620999993
2020-12-31,28841.574219,29244.876953,28201.992188,29001.720703,29001.720703,46754964848.0,28816.196614666667,28387.516276333336,28387.516276333336,29859.081379666666,27773.31184966667,30901.966144666665,26730.42708466667
2021-01-01,28994.009766,29600.626953,28803.585938,29374.152344,29374.152344,40730301359.0,29259.455078333336,28918.283203666673,28918.283203666673,30056.496093333335,28462.414063333337,30853.537108333334,27665.37304833334
2021-01-02,29376.455078,33155.117188,29091.181641,32127.267578,32127.267578,67865420765.0,31457.855469,29760.59375,29760.59375,35521.791015999996,27393.919922,39585.72656299999,23329.984375000004
2021-01-03,32129.408203,34608.558594,32052.316406,32782.023438,32782.023438,78665235202.0,33147.63281266667,31686.70703133334,31686.70703133334,35703.87500066667,30591.39062466667,38260.11718866667,28035.14843666667
2021-01-04,32810.949219,33440.21875,28722.755859,31971.914063,31971.914063,81163475344.0,31378.296224,29316.373698000003,29316.373698000003,36095.759115,26660.833333000002,40813.222005999996,21943.370442000003
2021-01-05,31977.041016,34437.589844,30221.1875,33992.429688,33992.429688,67547324782.0,32883.73567733334,31329.881510666673,31329.881510666673,37100.13802133334,28667.333333333336,41316.54036533334,24450.930989333334
2021-01-06,34013.613281,36879.699219,33514.035156,36824.363281,36824.363281,75289433811.0,35739.36588533333,34599.03255166666,34599.03255166666,39105.02994833334,32373.70182233333,42470.69401133334,29008.037759333325
2021-01-07,36833.875,40180.367188,36491.191406,39371.042969,39371.042969,84762141031.0,38680.86718766667,37181.367187333344,37181.367187333344,42370.04296966667,34991.69140566667,46059.21875166667,31302.515623666673
2021-01-08,39381.765625,41946.738281,36838.636719,40797.609375,40797.609375,88107519480.0,39860.994791666664,37775.25130233333,37775.25130233333,44969.09635366666,34752.89322966667,50077.19791566666,29644.791667666672
2021-01-09,40788.640625,41436.351563,38980.875,40254.546875,40254.546875,61984162837.0,40223.924479333335,39011.49739566667,39011.49739566667,42679.40104233333,37768.44791633334,45134.87760533333,35312.97135333334
2021-01-10,40254.21875,41420.191406,35984.628906,38356.441406,38356.441406,79980747690.0,38587.087239333334,35753.98307266667,35753.98307266667,44022.649739333334,33151.524739333334,49458.212239333334,27715.962239333334
2021-01-11,38346.53125,38346.53125,30549.599609,35566.65625,35566.65625,123320567399.0,34820.929036333335,31295.32682266667,31295.32682266667,42617.86067733333,27023.997395333336,50414.79231833333,19227.065754333336
2021-01-12,35516.359375,36568.527344,32697.976563,33922.960938,33922.960938,74773277909.0,34396.48828166667,32224.449219333343,32224.449219333343,38267.03906266668,30525.93750066667,42137.589843666676,26655.38671966667
2021-01-13,33915.121094,37599.960938,32584.667969,37316.359375,37316.359375,69364315979.0,35833.662760666666,34067.364583333336,34067.364583333336,40848.95572966666,30818.369791666668,45864.24869866666,25803.07682266667
2021-01-14,37325.109375,39966.40625,36868.5625,39187.328125,39187.328125,63615990033.0,38674.098958333336,37381.79166666667,37381.79166666667,41771.942708333336,35576.255208333336,44869.786458333336,32478.411458333336
2021-01-15,39156.707031,39577.710938,34659.589844,36825.367188,36825.367188,67760757881.0,37020.88932333334,34464.06770866668,34464.06770866668,41939.01041733333,32102.768229333342,46857.131511333326,27184.647135333347
2021-01-16,36821.648438,37864.367188,35633.554688,36178.140625,36178.140625,57706187875.0,36558.68750033333,35253.00781266667,35253.00781266667,38789.50000033333,34327.87500033333,41020.31250033333,32097.062500333333
2021-01-17,36163.648438,36722.351563,34069.320313,35791.277344,35791.277344,52359854336.0,35527.64974,34332.947917000005,34332.947917000005,38180.68099,32874.61849,40833.71224,30221.58724
2021-01-18,35792.238281,37299.285156,34883.84375,36630.074219,36630.074219,49511702429.0,36271.067708333336,35242.85026066667,35242.85026066667,38686.509114333334,33855.62630233334,41101.95052033333,31440.18489633334
2021-01-19,36642.234375,37755.890625,36069.804688,36069.804688,36069.804688,57244195486.0,36631.83333366667,35507.77604233334,35507.77604233334,38317.91927066667,34945.747396666666,40004.005207666676,33259.66145966666
2021-01-20,36050.113281,36378.328125,33570.476563,35547.75,35547.75,66834573161.0,35165.518229333335,33952.70833366667,33952.70833366667,37973.36979133334,32357.66666733333,40781.22135333334,29549.815105333328
2021-01-21,35549.398438,35552.679688,30250.75,30825.699219,30825.699219,75643067688.0,32209.70963566667,28866.739583333343,28866.739583333343,37511.63932366666,26907.779947666673,42813.56901166667,21605.850259666677
2021-01-22,30817.625,33811.851563,28953.373047,33005.761719,33005.761719,77207272511.0,31923.662109666668,30035.47265633334,30035.47265633334,36782.14062566667,27065.183593666672,41640.619141666655,22206.705077666677
2021-01-23,32985.757813,33360.976563,31493.160156,32067.642578,32067.642578,48354737975.0,32307.259765666666,31253.542968333335,31253.542968333335,34175.07617266666,30439.44335866667,36042.89257966666,28571.626951666676
2021-01-24,32064.376953,32944.007813,31106.685547,32289.378906,32289.378906,48643830599.0,32113.357422,31282.707031000005,31282.707031000005,33950.679688,30276.035156000005,35788.00195399999,28438.71289000001
2021-01-25,32285.798828,34802.742188,32087.787109,32366.392578,32366.392578,59897054838.0,33085.640625,31368.539062000003,31368.539062000003,35800.59570399999,30370.685546000004,38515.55078299999,27655.73046700001
2021-01-26,32358.613281,32794.550781,31030.265625,32569.849609,32569.849609,60255421470.0,32131.55533833333,31468.559895666665,31468.559895666665,33895.84049433333,30367.270182333334,35660.12565033333,28602.985026333336
2021-01-27,32564.029297,32564.029297,29367.138672,30432.546875,30432.546875,62576762015.0,30787.904948,29011.780598999998,29011.780598999998,33984.795572999996,27591.014323,37181.686197999996,24394.123698
2021-01-28,30441.041016,31891.300781,30023.207031,31649.605469,31649.605469,78948162368.0,31188.037760333333,30484.774739666664,30484.774739666664,33056.13151033333,29319.944010333333,34924.22526033333,27451.850260333333
2021-01-29,34318.671875,38406.261719,32064.814453,34316.386719,34316.386719,117894572511.0,34929.154297,31452.046875,31452.046875,41270.601563000004,28587.707030999998,47612.04882900001,22246.259764999995
2021-01-30,34295.933594,34834.707031,32940.1875,34269.523438,34269.523438,65141828798.0,34014.80598966667,33194.90494833334,33194.90494833334,35909.325520666665,32120.28645866667,37803.84505166666,30225.76692766667
2021-01-31,34270.878906,34288.332031,32270.175781,33114.359375,33114.359375,52754542671.0,33224.28906233333,32160.24609366666,32160.24609366666,35242.44531233332,31206.132812333333,37260.60156233332,29187.976562333337
2021-02-01,33114.578125,34638.214844,32384.228516,33537.175781,33537.175781,61400400660.0,33519.873047,32401.53125,32401.53125,35773.859375,31265.886719,38027.845703000006,29011.900390999996
2021-02-02,33533.199219,35896.882813,33489.21875,35510.289063,35510.289063,63088585433.0,34965.463542000005,34034.04427100001,34034.04427100001,37373.127605,32557.79947900001,39780.791668,30150.135416000012
2021-02-03,35510.820313,37480.1875,35443.984375,37472.089844,37472.089844,61166818159.0,36798.75390633333,36117.32031266666,36117.32031266666,38834.95703133333,34762.55078133333,40871.16015633333,32726.34765633333
2021-02-04,37475.105469,38592.175781,36317.5,36926.066406,36926.066406,68838074392.0,37278.580729,35964.985677000004,35964.985677000004,39553.25651,35003.904948,41827.932291,32729.229167000005
2021-02-05,36931.546875,38225.90625,36658.761719,38144.308594,38144.308594,58598066402.0,37676.325521,37126.744792,37126.744792,39243.470052,36109.18099,40810.614582999995,34542.036459
2021-02-06,38138.386719,40846.546875,38138.386719,39266.011719,39266.011719,71326033653.0,39416.981771,37987.416667,37987.416667,42125.141927,36708.821615,44833.302082999995,34000.661459
2021-02-07,39250.191406,39621.835938,37446.152344,38903.441406,38903.441406,65500641143.0,38657.143229333335,37692.45052066667,37692.45052066667,40832.82682333333,36481.45963533334,43008.510417333324,34305.776041333345
2021-02-08,38886.828125,46203.929688,38076.324219,46196.464844,46196.464844,101467222687.0,43492.23958366667,40780.54947933334,40780.54947933334,51619.845052666664,35364.634114666675,59747.45052166666,27237.02864566668
2021-02-09,46184.992188,48003.722656,45166.960938,46481.105469,46481.105469,91809846886.0,46550.596354333335,45097.47005266667,45097.47005266667,49387.358072333336,43713.83463633333,52224.11979033334,40877.07291833333
2021-02-10,46469.761719,47145.566406,43881.152344,44918.183594,44918.183594,87301089896.0,45314.967448,43484.36849000001,43484.36849000001,48579.38151,42050.55338600001,51843.795571999995,38786.13932400001
2021-02-11,44898.710938,48463.46875,44187.761719,47909.332031,47909.332031,81388911810.0,46853.520833333336,45243.57291666667,45243.57291666667,51129.227864333334,42577.81380233334,55404.93489533333,38302.10677133334
2021-02-12,47877.035156,48745.734375,46424.976563,47504.851563,47504.851563,76555041196.0,47558.52083366667,46371.30729233334,46371.30729233334,49879.27864566667,45237.763021666666,52200.036457666676,42917.00520966666
2021-02-13,47491.203125,48047.746094,46392.28125,47105.515625,47105.515625,70250456155.0,47181.84765633333,46315.94921866666,46315.94921866666,48837.31250033333,45526.38281233333,50492.777344333335,43870.91796833333
2021-02-14,47114.507813,49487.640625,47114.507813,48717.289063,48717.289063,71248675228.0,48439.81250033333,47391.98437566667,47391.98437566667,50812.94531233334,46066.67968833333,53186.07812433334,43693.54687633333
2021-02-15,48696.535156,48875.570313,46347.476563,47945.058594,47945.058594,77069903166.0,47722.70182333334,46569.83333366668,46569.83333366668,50250.79557333334,45194.60807333334,52778.88932333334,42666.51432333334
2021-02-16,47944.457031,50341.101563,47201.304688,49199.871094,49199.871094,77049582886.0,48914.09244833334,47487.08333366668,47487.08333366668,52053.88932333334,45774.29557333334,55193.68619833334,42634.49869833334
2021-02-17,49207.277344,52533.914063,49072.378906,52149.007813,52149.007813,80820545404.0,51251.76692733334,49969.61979166668,49969.61979166668,54713.302084333336,47790.23177033334,58174.837241333335,44328.69661333334
2021-02-18,52140.972656,52474.105469,51015.765625,51679.796875,51679.796875,52054723579.0,51723.22265633333,50972.33984366666,50972.33984366666,53181.56250033333,50264.88281233333,54639.902344333335,48806.54296833333
2021-02-19,51675.980469,56113.652344,50937.277344,55888.132813,55888.132813,63495496918.0,54313.02083366667,52512.38932333334,52512.38932333334,59489.39583366667,49136.64583366667,64665.77083366667,43960.27083366667
2021-02-20,55887.335938,57505.226563,54626.558594,56099.519531,56099.519531,68145460026.0,56077.10156266667,54648.976562333344,54648.976562333344,58955.769531666665,53198.433593666676,61834.43750066666,50319.76562466668
2021-02-21,56068.566406,58330.570313,55672.609375,57539.945313,57539.945313,51897585191.0,57181.041667000005,56031.51302100001,56031.51302100001,59839.002605,54523.08072900001,62496.963543,51865.11979100001
2021-02-22,57532.738281,57533.390625,48967.566406,54207.320313,54207.320313,92052420332.0,53569.42578133333,49605.46093766666,49605.46093766666,62135.25000033333,45003.60156233333,70701.07421933333,36437.77734333333
2021-02-23,54204.929688,54204.929688,45290.589844,48824.425781,48824.425781,106102492824.0,49439.981771,44675.033854,44675.033854,58354.32161499999,40525.641927000004,67268.661459,31611.30208300001
2021-02-24,48835.085938,51290.136719,47213.5,49705.332031,49705.332031,63695521388.0,49402.989583333336,47515.84244766667,47515.84244766667,53479.62630233334,45326.352864333334,57556.26302133334,41249.71614533333
2021-02-25,49709.082031,51948.96875,47093.851563,47093.851563,47093.851563,54506565949.0,48712.22395866667,45475.47916733334,45475.47916733334,53567.34114566667,43857.106771666666,58422.458332666676,39001.98958466666
2021-02-26,47180.464844,48370.785156,44454.84375,46339.761719,46339.761719,350967941479.0,46388.463541666664,44406.14192733333,44406.14192733333,50304.40494766666,42472.522135666666,54220.34635366666,38556.58072966667
2021-02-27,46344.773438,48253.269531,45269.027344,46188.453125,46188.453125,45910946382.0,46570.25,44887.230469,44887.230469,49554.492186999996,43586.007813000004,52538.73437399999,40601.76562600001
2021-02-28,46194.015625,46716.429688,43241.617188,45137.769531,45137.769531,53443887451.0,45031.93880233334,43347.44791666668,43347.44791666668,48506.75130233334,41557.12630233334,51981.56380233334,38082.31380233334
2021-03-01,45159.503906,49784.015625,45115.09375,49631.242188,49631.242188,53891300112.0,48176.783854333335,46569.55208366667,46569.55208366667,52845.705729333335,43507.861979333335,57514.627604333335,38838.940104333335
2021-03-02,49612.105469,50127.511719,47228.84375,48378.988281,48378.988281,47530897720.0,48578.447916666664,47029.38411433333,47029.38411433333,51477.115885666666,45679.77994766666,54375.78385466667,42781.11197866666
2021-03-03,48415.816406,52535.136719,48274.320313,50538.242188,50538.242188,53220811975.0,50449.23307333334,48363.32942766667,48363.32942766667,54710.04947933334,46188.41666733333,58970.86588533335,41927.600261333326
2021-03-04,50522.304688,51735.089844,47656.929688,48561.167969,48561.167969,52343816680.0,49317.729167000005,46900.36849000001,46900.36849000001,53395.88932300001,45239.569011,57474.049479000016,41161.408854999994
2021-03-05,48527.03125,49396.429688,46542.515625,48927.304688,48927.304688,48625928883.0,48288.75000033333,47181.07031266667,47181.07031266667,51142.66406333333,45434.83593733334,53996.57812633333,42580.92187433334
2021-03-06,48899.230469,49147.21875,47257.527344,48912.382813,48912.382813,34363564661.0,48439.042969,47730.867188000004,47730.867188000004,50328.734375,46549.351563000004,52218.425781,44659.660157000006
2021-03-07,48918.679688,51384.367188,48918.679688,51206.691406,51206.691406,43137459378.0,50503.246094,49622.12500000001,49622.12500000001,52968.933594,48037.558594,55434.621094,45571.871094
2021-03-08,51174.117188,52314.070313,49506.054688,52246.523438,52246.523438,48597428048.0,51355.54947966666,50397.028646333325,50397.028646333325,54163.56510466666,48547.53385466666,56971.58072966666,45739.51822966666
2021-03-09,52272.96875,54824.117188,51981.832031,54824.117188,54824.117188,50912227385.0,53876.68880233334,52929.26041666668,52929.26041666668,56718.973959333336,51034.40364533334,59561.259116333335,48192.11848833334
2021-03-10,54824.011719,57258.253906,53290.890625,56008.550781,56008.550781,57295577614.0,55519.231770666665,53780.20963533333,53780.20963533333,59486.59505166666,51551.86848966667,63453.95833266666,47584.50520866667
2021-03-11,55963.179688,58091.0625,54484.59375,57805.121094,57805.121094,56772343595.0,56793.592448,55496.122396000006,55496.122396000006,60400.061198,53187.123698,64006.529948,49580.654948
2021-03-12,57821.21875,57996.621094,55376.648438,57332.089844,57332.089844,55689944702.0,56901.78645866667,55806.95182333334,55806.95182333334,59521.759114666675,54281.813802666664,62141.73177066668,51661.84114666666
2021-03-13,57343.371094,61683.863281,56217.972656,61243.085938,61243.085938,60669829814.0,59714.973958333336,57746.08463566667,57746.08463566667,65180.864583333336,54249.083333333336,70646.75520833334,48783.192708333336
2021-03-14,61221.132813,61597.917969,59302.316406,59302.316406,59302.316406,43901225564.0,60067.516927,58537.11588499999,58537.11588499999,62363.11849,57771.91536399999,64658.720053000005,55476.31380099999
2021-03-15,59267.429688,60540.992188,55393.164063,55907.199219,55907.199219,66419369890.0,57280.45182333334,54019.91145866668,54019.91145866668,62428.27994833334,52132.62369833334,67576.10807333334,46984.79557333334
2021-03-16,55840.785156,56833.179688,53555.027344,56804.902344,56804.902344,59749798599.0,55731.03645866667,54628.89322933334,54628.89322933334,59009.188802666664,52452.884114666675,62287.34114666666,49174.73177066668
2021-03-17,56825.828125,58969.816406,54528.628906,58870.894531,58870.894531,60258313191.0,57456.446614333334,55943.07682266667,55943.07682266667,61897.634114333334,53015.259114333334,66338.82161433334,48574.071614333334
2021-03-18,58893.078125,60116.25,54253.578125,57858.921875,57858.921875,55746041000.0,57409.583333333336,54702.91666666667,54702.91666666667,63272.255208333336,51546.911458333336,69134.92708333334,45684.239583333336
2021-03-19,57850.441406,59498.375,56643.703125,58346.652344,58346.652344,49063873786.0,58162.91015633333,56827.44531266666,56827.44531266666,61017.58203133333,55308.23828133333,63872.25390633333,52453.56640633333
2021-03-20,58332.261719,60031.285156,58213.296875,58313.644531,58313.644531,50361731222.0,58852.74218733333,57674.19921866666,57674.19921866666,60670.73046833333,57034.75390633333,62488.718749333326,55216.76562533333
2021-03-21,58309.914063,58767.898438,56005.617188,57523.421875,57523.421875,51943414539.0,57432.31250033333,56096.72656266667,56096.72656266667,60194.59375033333,54670.03125033333,62956.87500033333,51907.75000033333
2021-03-22,57517.890625,58471.480469,54288.15625,54529.144531,54529.144531,56521454974.0,55762.927083333336,53054.37369766667,53054.37369766667,59946.25130233334,51579.602864333334,64129.57552133334,47396.27864533333
2021-03-23,54511.660156,55985.441406,53470.695313,54738.945313,54738.945313,56435023914.0,54731.694010666666,53477.946615333334,53477.946615333334,57246.44010366667,52216.947917666665,59761.18619666667,49702.20182466666
2021-03-24,54710.488281,57262.382813,52514.332031,52774.265625,52774.265625,70567223787.0,54183.66015633333,51104.93749966667,51104.93749966667,58931.71093833333,49435.60937433333,63679.76172033333,44687.558592333335
2021-03-25,52726.746094,53392.386719,50856.570313,51704.160156,51704.160156,67999812841.0,51984.372396,50576.358072999996,50576.358072999996,54520.188802000004,49448.55598999999,57056.00520800001,46912.73958399999
2021-03-26,51683.011719,55137.3125,51579.855469,55137.3125,55137.3125,56652197978.0,53951.49348966667,52765.674479333335,52765.674479333335,57508.950520666665,50394.03645866667,61066.40755166666,46836.57942766667
2021-03-27,55137.566406,56568.214844,54242.910156,55973.511719,55973.511719,47266542233.0,55594.87890633333,54621.54296866666,54621.54296866666,57920.183594333335,53269.57421833333,60245.48828233334,50944.269530333324
2021-03-28,55974.941406,56610.3125,55071.113281,55950.746094,55950.746094,47686580918.0,55877.390625,55144.46875,55144.46875,57416.589844,54338.191406,58955.789063000004,52798.992186999996
2021-03-29,55947.898438,58342.097656,55139.339844,57750.199219,57750.199219,57625587027.0,57077.21223966667,55812.32682333334,55812.32682333334,60279.97005166666,53874.45442766667,63482.72786366666,50671.696615666675
2021-03-30,57750.132813,59447.222656,57251.550781,58917.691406,58917.691406,54414116432.0,58538.821614333334,57630.42057266667,57630.42057266667,60734.493489333334,56343.149739333334,62930.165364333334,54147.477864333334
2021-03-31,58930.277344,59930.027344,57726.417969,58918.832031,58918.832031,65520826225.0,58858.42578133333,57786.82421866666,57786.82421866666,61062.03515633333,56654.81640633333,63265.64453133333,54451.20703133333
2021-04-01,58926.5625,59586.070313,58505.277344,59095.808594,59095.808594,61669163792.0,59062.385417000005,58538.70052100001,58538.70052100001,60143.178386,57981.59244800001,61223.971354999994,56900.799479000016
2021-04-02,59098.878906,60267.1875,58869.28125,59384.3125,59384.3125,58727860620.0,59506.927083333336,58746.66666666667,58746.66666666667,60904.833333333336,58109.020833333336,62302.739583333336,56711.114583333336
2021-04-03,59397.410156,60110.269531,57603.890625,57603.890625,57603.890625,59641344484.0,58439.35026033333,56768.43098966667,56768.43098966667,60945.72916633333,55932.971354333335,63452.10807233333,53426.59244833334
2021-04-04,57604.839844,58913.746094,57168.675781,58758.554688,58758.554688,50749662970.0,58280.325521,57646.904947999996,57646.904947999996,60025.395834,56535.255207999995,61770.46614700001,54790.18489499999
2021-04-05,58760.875,59891.296875,57694.824219,59057.878906,59057.878906,60706272115.0,58881.333333333336,57871.36979166667,57871.36979166667,61077.805989333334,56684.86067733334,63274.27864533333,54488.38802133334
2021-04-06,59171.933594,59479.578125,57646.808594,58192.359375,58192.359375,66058027988.0,58439.58203133333,57399.58593766666,57399.58593766666,60272.35156233333,56606.81250033333,62105.12109333333,54774.042969333335
2021-04-07,58186.507813,58731.144531,55604.023438,56048.9375,56048.9375,75645303584.0,56794.701823,54858.25911500001,54858.25911500001,59921.822916000005,53667.58073,63048.944009000006,50540.459637
2021-04-08,56099.914063,58338.738281,55879.085938,58323.953125,58323.953125,53053855641.0,57513.92578133333,56689.113281666665,56689.113281666665,59973.57812433333,55054.27343833333,62433.230467333335,52594.62109533333
2021-04-09,58326.5625,58937.046875,57807.863281,58245.003906,58245.003906,46655208546.0,58329.971354,57722.895833,57722.895833,59459.154948,57200.78776,60588.338542000005,56071.604166
2021-04-10,58253.777344,61276.664063,58038.707031,59793.234375,59793.234375,58238470525.0,59702.86848966667,58129.07291633334,58129.07291633334,62940.825521666666,56464.91145766667,66178.78255366666,53226.95442566667
2021-04-11,59846.230469,60790.554688,59289.796875,60204.964844,60204.964844,46280252580.0,60095.105469,59399.65625000001,59399.65625000001,61595.863282,58594.347656000005,63096.621094999995,57093.58984300001
2021-04-12,60175.945313,61253.035156,59589.875,59893.453125,59893.453125,51828688519.0,60245.454427,59237.873697999996,59237.873697999996,61908.614582999995,58582.294271,63571.77473899999,56919.134115
2021-04-13,59890.019531,63742.285156,59869.957031,63503.457031,63503.457031,69983454362.0,62371.899739333334,61001.51432266667,61001.51432266667,66244.22786433334,58499.571614333334,70116.55598933334,54627.243489333334
2021-04-14,63523.753906,64863.097656,61554.796875,63109.695313,63109.695313,77451779687.0,63175.86328133333,61488.628906666665,61488.628906666665,66484.16406233332,59867.56250033333,69792.46484333332,56559.261719333335
2021-04-15,63075.195313,63821.671875,62208.964844,63314.011719,63314.011719,60954381579.0,63114.88281266667,62408.09375033334,62408.09375033334,64727.58984366667,61502.17578166667,66340.29687466667,59889.468750666674
2021-04-16,63258.503906,63594.722656,60222.53125,61572.789063,61572.789063,84293007468.0,61796.68098966667,59998.63932333334,59998.63932333334,65168.872395666665,58424.48958366667,68541.06380166666,55052.29817766667
2021-04-17,61529.921875,62572.175781,60361.351563,60683.820313,60683.820313,66138759198.0,61205.78255233334,59839.38932366668,59839.38932366668,63416.60677033334,58994.958334333336,65627.43098833333,56784.134116333335
2021-04-18,60701.886719,61057.457031,52829.535156,56216.183594,56216.183594,97468872758.0,56701.05859366667,52344.66015633334,52344.66015633334,64928.98046866667,48473.13671866667,73156.90234366668,40245.21484366667
2021-04-19,56191.585938,57520.054688,54368.59375,55724.265625,55724.265625,65344865159.0,55870.971354333335,54221.88802066667,54221.88802066667,59022.43229233333,52719.51041633334,62173.89323033333,49568.04947833334
2021-04-20,55681.792969,57062.148438,53448.046875,56473.03125,56473.03125,67849323955.0,55661.075521,54260.002604,54260.002604,59275.177083999995,52046.973958,62889.27864699999,48432.872395000006
2021-04-21,56471.128906,56757.972656,53695.46875,53906.089844,53906.089844,54926612466.0,54786.510416666664,52815.04817733333,52815.04817733333,57849.01432266666,51724.006510666666,60911.51822866666,48661.50260466667
2021-04-22,53857.105469,55410.230469,50583.8125,51762.273438,51762.273438,74798630778.0,52585.43880233334,49760.64713566667,49760.64713566667,57411.85677133334,47759.020833333336,62238.27474033334,42932.602864333334
2021-04-23,51739.808594,52120.792969,47714.664063,51093.652344,51093.652344,86668667320.0,50309.70312533333,48498.613281666665,48498.613281666665,54715.83203133334,45903.57421933333,59121.960937333344,41497.44531333332
2021-04-24,51143.226563,51167.5625,48805.285156,50050.867188,50050.867188,49014494781.0,50007.904948,48848.247396000006,48848.247396000006,52370.182292000005,47645.627604,54732.45963600001,45283.35026
2021-04-25,50052.832031,50506.019531,47159.484375,49004.253906,49004.253906,46117114240.0,48889.919270666665,47273.81901033333,47273.81901033333,52236.45442666666,45543.38411466667,55582.98958266666,42196.84895866667
2021-04-26,49077.792969,54288.003906,48852.796875,54021.753906,54021.753906,58284039825.0,52387.518229,50487.032552000004,50487.032552000004,57822.72526,46952.311198,63257.932291,41517.104167000005
2021-04-27,54030.304688,55416.964844,53319.1875,55033.117188,55033.117188,49448222757.0,54589.756510666666,53762.54817733333,53762.54817733333,56687.53385466667,52491.979166666664,58785.31119866667,50394.20182266666
2021-04-28,55036.636719,56227.207031,53887.917969,54824.703125,54824.703125,48000572955.0,54979.942708333336,53732.67838566667,53732.67838566667,57319.23177033333,52640.65364633334,59658.52083233333,50301.36458433334
2021-04-29,54858.089844,55115.84375,52418.027344,53555.109375,53555.109375,46088929780.0,53696.326823,52276.809896000006,52276.809896000006,56394.143229,50998.510417000005,59091.959635,48300.69401100001
2021-04-30,53568.664063,57900.71875,53129.601563,57750.175781,57750.175781,52395931985.0,56260.16536466667,54619.611979333335,54619.611979333335,61031.28255166667,51489.048177666664,65802.39973866667,46717.93099066666
2021-05-01,57714.664063,58448.339844,57052.273438,57828.050781,57828.050781,42836427360.0,57776.221354333335,57104.10286466667,57104.10286466667,59172.28776033334,56380.15494833333,60568.354166333345,54984.088542333324
2021-05-02,57825.863281,57902.59375,56141.90625,56631.078125,56631.078125,38177405335.0,56891.859375,55881.125,55881.125,58652.546875,55131.171875,60413.234375,53370.484375
2021-05-03,56620.273438,58973.308594,56590.871094,57200.292969,57200.292969,51713139031.0,57588.15755233334,56203.00651066667,56203.00651066667,59970.59505233334,55205.72005233334,62353.03255233334,52823.28255233334
2021-05-04,57214.179688,57214.179688,53191.425781,53333.539063,53333.539063,68564706967.0,54579.714844,51945.25000000001,51945.25000000001,58602.468751,50556.960937,62625.222658,46534.207030000005
2021-05-05,53252.164063,57911.363281,52969.054688,57424.007813,57424.007813,69241316747.0,56101.475260666666,54291.587240333334,54291.587240333334,61043.78385366667,51159.166667666665,65986.09244666668,46216.85807466666
2021-05-06,57441.308594,58363.316406,55382.507813,56396.515625,56396.515625,69523285106.0,56714.11328133333,55064.910156666665,55064.910156666665,59694.92187433333,53733.30468833333,62675.730467333335,50752.49609533333
2021-05-07,56413.953125,58606.632813,55321.847656,57356.402344,57356.402344,68434023376.0,57094.96093766667,55583.289062333344,55583.289062333344,60379.74609466667,53810.17578066667,63664.53125166667,50525.39062366667
2021-05-08,57352.765625,59464.613281,56975.210938,58803.777344,58803.777344,65382980634.0,58414.533854333335,57364.45442766667,57364.45442766667,60903.936197333336,55925.13151133333,63393.33854033334,53435.72916833333
2021-05-09,58877.390625,59210.882813,56482.003906,58232.316406,58232.316406,65906690347.0,57975.067708333336,56739.252603666675,56739.252603666675,60703.946615333334,55246.18880133334,63432.82552233333,52517.30989433334
2021-05-10,58250.871094,59519.355469,54071.457031,55859.796875,55859.796875,71776546298.0,56483.536458333336,53447.71744766667,53447.71744766667,61931.43489633334,51035.63802033333,67379.33333433335,45587.73958233333
2021-05-11,55847.242188,56872.542969,54608.652344,56704.574219,56704.574219,61308396325.0,56061.92317733334,55251.30338566667,55251.30338566667,58325.81380233334,53798.03255233334,60589.70442733334,51534.14192733334
2021-05-12,56714.53125,57939.363281,49150.535156,49150.535156,49150.535156,75215403907.0,52080.144531,46220.925781,46220.925781,60868.972656,43291.316406,69657.800781,34502.488281
2021-05-13,49735.433594,51330.84375,46980.019531,49716.191406,49716.191406,96721152926.0,49342.35156233333,47353.85937466666,47353.85937466666,53693.17578133333,44991.52734333333,58044.00000033333,40640.703124333326
2021-05-14,49682.980469,51438.117188,48868.578125,49880.535156,49880.535156,55737497453.0,50062.41015633333,48686.70312466667,48686.70312466667,52631.94921933333,47492.871093333335,55201.488282333325,44923.33203033334
2021-05-15,49855.496094,50639.664063,46664.140625,46760.1875,46760.1875,59161047474.0,48021.330729333335,45402.99739566667,45402.99739566667,51996.85416733333,44045.80729133334,55972.37760533333,40070.28385333334
2021-05-16,46716.636719,49720.042969,43963.351563,46456.058594,46456.058594,64047871555.0,46713.151042000005,43706.25911500001,43706.25911500001,52469.84244800001,40956.459636,58226.533854000016,35199.768229999994
2021-05-17,46415.898438,46623.558594,42207.289063,43537.511719,43537.511719,74903638450.0,44122.78645866667,41622.01432333334,41622.01432333334,48539.055989666675,39706.516927666664,52955.32552066668,35290.24739666666
2021-05-18,43488.058594,45812.457031,42367.832031,42909.402344,42909.402344,56187365084.0,43696.563802,41580.670572999996,41580.670572999996,47141.188802,40251.938802,50585.813802,36807.313802
2021-05-19,42944.976563,43546.117188,30681.496094,37002.441406,37002.441406,126358098747.0,37076.684896,30607.252604,30607.252604,49941.30598999999,24212.063802,62805.927083999995,11347.442708000002
2021-05-20,36753.667969,42462.984375,35050.617188,40782.738281,40782.738281,88281943359.0,39432.11328133333,36401.24218766666,36401.24218766666,46844.480468333335,32019.746094333328,54256.84765533334,24607.378907333325
2021-05-21,40596.949219,42172.171875,33616.453125,37304.691406,37304.691406,82051616861.0,37697.77213533333,33223.372395666665,33223.372395666665,46253.49088533333,29142.053385333333,54809.20963533333,20586.334635333333
2021-05-22,37371.03125,38831.054688,35383.683594,37536.632813,37536.632813,57377273240.0,37250.45703166667,35669.85937533335,35669.85937533335,40697.82812566667,33803.08593766668,44145.19921966666,30355.714843666683
2021-05-23,37531.449219,38289.21875,31227.339844,34770.582031,34770.582031,78469274361.0,34762.380208333336,31235.54166666667,31235.54166666667,41824.25911433334,27700.501302333334,48886.13802033334,20638.622396333332
2021-05-24,34700.363281,39835.140625,34551.082031,38705.980469,38705.980469,67359584098.0,37697.401041666664,35559.66145833333,35559.66145833333,42981.459635666666,32413.342447666662,48265.51822966667,27129.28385366666
2021-05-25,38795.78125,39776.351563,36581.429688,38402.222656,38402.222656,56211915803.0,38253.334635666666,36730.317708333336,36730.317708333336,41448.256510666666,35058.412760666666,44643.178385666666,31863.490885666666
2021-05-26,38392.625,40782.078125,37905.835938,39294.199219,39294.199219,51346735160.0,39327.371094,37872.664063000004,37872.664063000004,42203.613281000005,36451.128907,45079.85546800001,33574.886719999995
2021-05-27,39316.890625,40379.617188,37247.902344,38436.96875,38436.96875,43210968721.0,38688.162760666666,36996.708333333336,36996.708333333336,41819.87760466666,35556.44791666667,44951.592448666655,32424.733072666677
2021-05-28,38507.082031,38856.96875,34779.039063,35697.605469,35697.605469,55200191952.0,36444.537760666666,34032.10677133333,34032.10677133333,40522.46744766667,32366.608073666663,44600.39713466667,28288.67838666666
2021-05-29,35684.15625,37234.5,33693.929688,34616.066406,34616.066406,45231013335.0,35181.498698,33128.497396000006,33128.497396000006,38722.06901000001,31640.928386,42262.63932200001,28100.358073999996
2021-05-30,34607.40625,36400.667969,33520.738281,35678.128906,35678.128906,31646080921.0,35199.845052,33999.02213499999,33999.02213499999,38079.77474,32319.915363999993,40959.704428000005,29439.98567599999
2021-05-31,35658.59375,37468.25,34241.945313,37332.855469,37332.855469,39009847639.0,36347.683594,35227.117188000004,35227.117188000004,39573.988281000005,33121.378907,42800.29296800001,29895.074219999995
2021-06-01,37293.792969,37896.734375,35787.085938,36684.925781,36684.925781,34639423297.0,36789.58203133333,35682.42968766666,35682.42968766666,38899.230468333335,34679.93359433333,41008.87890533334,32570.285157333325
2021-06-02,36699.921875,38231.339844,35966.308594,37575.179688,37575.179688,33070867190.0,37257.60937533333,36283.878906666665,36283.878906666665,39522.64062533333,34992.57812533333,41787.67187533333,32727.546875333333
2021-06-03,37599.410156,39478.953125,37243.972656,39208.765625,39208.765625,35460750427.0,38643.89713533333,37808.841145666665,37808.841145666665,40878.877604333335,36408.91666633333,43113.85807333334,34173.93619733333
2021-06-04,39242.484375,39242.484375,35717.722656,36894.40625,36894.40625,41831090187.0,37284.87109366667,35327.25781233334,35327.25781233334,40809.63281266667,33760.10937466667,44334.39453166667,30235.347655666665
2021-06-05,36880.15625,37917.714844,34900.414063,35551.957031,35551.957031,35959473399.0,36123.361979333335,34329.00911466667,34329.00911466667,39140.66276033334,33106.06119833333,42157.963541333345,30088.760417333324
2021-06-06,35538.609375,36436.421875,35304.578125,35862.378906,35862.378906,28913440585.0,35867.79296866667,35299.16406233334,35299.16406233334,36999.63671866667,34735.94921866667,38131.48046866667,33604.10546866667
2021-06-07,35835.265625,36790.570313,33480.640625,33560.707031,33560.707031,33683936663.0,34610.639323,32430.70833300001,32430.70833300001,37920.569011,31300.709635000007,41230.498698999996,27990.77994700001
2021-06-08,33589.519531,34017.386719,31114.443359,33472.632813,33472.632813,49902050442.0,32868.154297,31718.921875,31718.921875,35771.097657000006,29965.210937,38674.041017,27062.267577
2021-06-09,33416.976563,37537.371094,32475.865234,37345.121094,37345.121094,53972919008.0,35786.11914066667,34034.86718733334,34034.86718733334,40847.62500066667,30724.61328066667,45909.13086066667,25663.107420666667
2021-06-10,37389.515625,38334.324219,35847.59375,36702.597656,36702.597656,43576032854.0,36961.505208333336,35588.68619766667,35588.68619766667,39448.23567733334,34474.774739333334,41934.96614633334,31988.044270333332
2021-06-11,36697.03125,37608.695313,36044.449219,37334.398438,37334.398438,38699736985.0,36995.84765666667,36383.00000033335,36383.00000033335,38560.09375066667,35431.60156266668,40124.33984466666,33867.35546866668
2021-06-12,37340.144531,37408.925781,34728.191406,35552.515625,35552.515625,37924228550.0,35896.544270666665,34384.16276033333,34384.16276033333,38577.278645666665,33215.809895666665,41258.013020666665,30535.075520666665
2021-06-13,35555.789063,39322.78125,34864.109375,39097.859375,39097.859375,40669112838.0,37761.583333333336,36200.38541666667,36200.38541666667,42220.255208333336,33302.911458333336,46678.927083333336,28844.239583333336
2021-06-14,39016.96875,40978.363281,38757.285156,40218.476563,40218.476563,43148914673.0,39984.708333333336,38991.05338566667,38991.05338566667,42205.786458333336,37763.630208333336,44426.864583333336,35542.552083333336
2021-06-15,40427.167969,41295.269531,39609.46875,40406.269531,40406.269531,46420149185.0,40437.002604,39578.735677000004,39578.735677000004,42122.803385,38751.201823,43808.604166,37065.401042000005
2021-06-16,40168.691406,40516.777344,38176.035156,38347.0625,38347.0625,39211635100.0,39013.291666666664,37509.80598933333,37509.80598933333,41354.03385466667,36672.54947866666,43694.77604266667,34331.80729066666
2021-06-17,38341.421875,39513.671875,37439.675781,38053.503906,38053.503906,37096670047.0,38335.61718733333,37157.56249966666,37157.56249966666,40409.61328133333,36261.62109333333,42483.60937533333,34187.624999333326
2021-06-18,38099.476563,38187.261719,35255.855469,35787.246094,35787.246094,36200887275.0,36410.121094,34632.980469,34632.980469,39341.527344,33478.714844,42272.933594,30547.308594000002
2021-06-19,35854.527344,36457.796875,34933.0625,35615.871094,35615.871094,31207279719.0,35668.91015633333,34880.02343766666,34880.02343766666,37193.64453133333,34144.17578133333,38718.37890633333,32619.44140633333
2021-06-20,35563.140625,36059.484375,33432.074219,35698.296875,35698.296875,36664034054.0,35063.28515633333,34067.08593766666,34067.08593766666,37690.69531233333,32435.875000333333,40318.10546833333,29808.464844333335
2021-06-21,35641.144531,35721.640625,31295.935547,31676.693359,31676.693359,52809038594.0,32898.08984366667,30074.539062333337,30074.539062333337,37323.79492166667,28472.38476566667,41749.49999966667,24046.67968766667
2021-06-22,31622.376953,33292.453125,28893.621094,32505.660156,32505.660156,58964353058.0,31563.911458333332,29835.369791666664,29835.369791666664,35962.743489333334,27165.07942733333,40361.57552033334,22766.24739633333
2021-06-23,32515.714844,34753.410156,31772.632813,33723.027344,33723.027344,46317108925.0,33416.356771,32079.303386,32079.303386,36397.134114,30435.579428,39377.911456999995,27454.802085000003
2021-06-24,33682.800781,35228.851563,32385.214844,34662.4375,34662.4375,33123368116.0,34092.167968999995,32955.48437499999,32955.48437499999,36935.80468799999,31248.531249999996,39779.44140699999,28404.894530999998
2021-06-25,34659.105469,35487.246094,31350.884766,31637.779297,31637.779297,40230904226.0,32825.303385666666,30163.36067733333,30163.36067733333,36961.66471366667,28688.942057666663,41098.02604166667,24552.58072966666
2021-06-26,31594.664063,32637.587891,30184.501953,32186.277344,32186.277344,38585385521.0,31669.455729333335,30701.32356766667,30701.32356766667,34122.54166733334,29216.369791333334,36575.627605333335,26763.283853333334
2021-06-27,32287.523438,34656.128906,32071.757813,34649.644531,34649.644531,35511640894.0,33792.510416666664,32928.89192733333,32928.89192733333,36376.881509666666,31208.139323666666,38961.25260266666,28623.76823066667
2021-06-28,34679.121094,35219.890625,33902.074219,34434.335938,34434.335938,33892523752.0,34518.76692733334,33817.643229666675,33817.643229666675,35836.583333333336,33200.95052133334,37154.399739333334,31883.13411533334
2021-06-29,34475.558594,36542.109375,34252.484375,35867.777344,35867.777344,37901460044.0,35554.123698,34566.138021000006,34566.138021000006,37843.748698,33264.498698,40133.373698,30974.873698000003
2021-06-30,35908.386719,36074.757813,34086.152344,35040.835938,35040.835938,34059036099.0,35067.24869833334,34059.73958366668,34059.73958366668,37055.85416733333,33078.64322933334,39044.459636333326,31090.037760333347
2021-07-01,35035.984375,35035.984375,32883.78125,33572.117188,33572.117188,37838957079.0,33830.627604333335,32625.27083366667,32625.27083366667,35982.830729333335,31678.424479333335,38135.033854333335,29526.221354333335
2021-07-02,33549.601563,33939.589844,32770.679688,33897.046875,33897.046875,38728974942.0,33535.772135666666,33131.95442733333,33131.95442733333,34704.68229166667,32366.86197966666,35873.59244766668,31197.951823666655
2021-07-03,33854.421875,34909.261719,33402.695313,34668.546875,34668.546875,24383958643.0,34326.834635666666,33744.40755233333,33744.40755233333,35833.40104166667,32820.26822966666,37339.96744766668,31313.701823666655
2021-07-04,34665.566406,35937.566406,34396.476563,35287.78125,35287.78125,24924307911.0,35207.27473966667,34476.98307333334,34476.98307333334,36748.36458266667,33666.184896666666,38289.45442566667,32125.095053666664
2021-07-05,35284.34375,35284.34375,33213.660156,33746.003906,33746.003906,26721554282.0,34081.33593733333,32878.32812466666,32878.32812466666,36152.01953133333,32010.652343333328,38222.70312533333,29939.968749333326
2021-07-06,33723.507813,35038.535156,33599.917969,34235.195313,34235.195313,26501259870.0,34291.216146,33543.897136,33543.897136,35729.833332999995,32852.598959,37168.45051999999,31413.981772000006
2021-07-07,34225.679688,34997.664063,33839.289063,33855.328125,33855.328125,24796027477.0,34230.760417,33463.856771,33463.856771,35389.135417,33072.385417,36547.510417,31914.010416999998
2021-07-08,33889.605469,33907.90625,32133.183594,32877.371094,32877.371094,29910396946.0,32972.82031266667,32037.73437533334,32037.73437533334,34747.542968666676,31198.09765666667,36522.265624666674,29423.375000666667
2021-07-09,32861.671875,34042.292969,32318.880859,33798.011719,33798.011719,27436021028.0,33386.395182333334,32730.497395666665,32730.497395666665,35109.80729233334,31662.983072333333,36833.219402333336,29939.57096233333
2021-07-10,33811.242188,34209.070313,33116.011719,33520.519531,33520.519531,22971873468.0,33615.200521,33021.330729,33021.330729,34708.25911499999,32522.141927000004,35801.31770899999,31429.08333300001
2021-07-11,33509.078125,34584.703125,33346.738281,34240.1875,34240.1875,20108729370.0,34057.20963533333,33529.716145666665,33529.716145666665,35295.174479333335,32819.24479133333,36533.13932333334,31581.27994733333
2021-07-12,34254.015625,34592.15625,32697.308594,33155.847656,33155.847656,24321499537.0,33481.770833333336,32371.38541666667,32371.38541666667,35376.61848933334,31586.923177333334,37271.46614533334,29692.075521333332
2021-07-13,33125.46875,33327.101563,32261.419922,32702.025391,32702.025391,19120856669.0,32763.515625333337,32199.929687666678,32199.929687666678,33829.19726633333,31697.83398433334,34894.87890733333,30632.152343333346
2021-07-14,32723.845703,33061.398438,31639.125,32822.347656,32822.347656,21376531210.0,32507.623698,31953.848958000002,31953.848958000002,33929.897136,31085.350260000003,35352.17057399999,29663.076822000006
2021-07-15,32827.875,33159.640625,31175.708984,31780.730469,31780.730469,21300524237.0,32038.693359333334,30917.74609366667,30917.74609366667,34022.62500033333,30054.761718333335,36006.55664133333,28070.830077333336
2021-07-16,31841.550781,32218.40625,31100.673828,31421.539063,31421.539063,23699476918.0,31580.206380333333,30942.006510666666,30942.006510666666,32697.938802333334,30462.473958333332,33815.67122433333,29344.74153633333
2021-07-17,31397.308594,31935.945313,31223.990234,31533.068359,31533.068359,18895018942.0,31564.334635333333,31192.723957666665,31192.723957666665,32276.289714333332,30852.379556333333,32988.24479333333,30140.424477333334
2021-07-18,31533.884766,32398.996094,31215.492188,31796.810547,31796.810547,18787986667.0,31803.766276333336,31208.536458666673,31208.536458666673,32987.270182333334,30620.262370333337,34170.77408833333,29436.75846433334
2021-07-19,31800.011719,31885.859375,30563.734375,30817.832031,30817.832031,20434789545.0,31089.141927,30292.424479,30292.424479,32411.266927,29767.016927,33733.391927000004,28444.891927
2021-07-20,30838.285156,31006.1875,29360.955078,29807.347656,29807.347656,23148267245.0,30058.16341133333,29110.139322666662,29110.139322666662,31703.395833333332,28412.93098933333,33348.62825533333,26767.69856733333
2021-07-21,29796.285156,32752.326172,29526.183594,32110.693359,32110.693359,28203024559.0,31463.067708333332,30173.809244666663,30173.809244666663,34689.210286333335,28236.92513033333,37915.35286433334,25010.782552333327
2021-07-22,32138.873047,32576.400391,31745.298828,32313.105469,32313.105469,19555230518.0,32211.601562666667,31846.802734333334,31846.802734333334,33042.70312566667,31380.499999666667,33873.80468866667,30549.398436666666
2021-07-23,32305.958984,33581.550781,32057.892578,33581.550781,33581.550781,22552046192.0,33073.66471333333,32565.778645666665,32565.778645666665,34597.32291633333,31550.006510333333,36120.98111933333,30026.348307333334
2021-07-24,33593.730469,34490.390625,33424.859375,34292.445313,34292.445313,21664706865.0,34069.231771,33648.072917,33648.072917,35134.763021,33003.700521,36200.294271,31938.169271
2021-07-25,34290.292969,35364.925781,33881.835938,35350.1875,35350.1875,20856685287.0,34865.64973966667,34366.37369833334,34366.37369833334,36348.73958266667,33382.559896666666,37831.82942566667,31899.470053666664
2021-07-26,35384.03125,40499.675781,35287.3125,37337.535156,37337.535156,51022126212.0,37708.174479,34916.673177000004,34916.673177000004,42920.53776,32495.811198000003,48132.901041,27283.447917000005
2021-07-27,37276.035156,39406.941406,36441.726563,39406.941406,39406.941406,35097370560.0,38418.536458333336,37430.13151066667,37430.13151066667,41383.75130133334,35453.321615333334,44348.96614433334,32488.106772333333
2021-07-28,39503.1875,40816.070313,38862.4375,39995.90625,39995.90625,38702404695.0,39891.471354333335,38966.87239566667,38966.87239566667,41845.10416733333,37937.83854133334,43798.73698033333,35984.20572833334
2021-07-29,39995.453125,40593.070313,39352.058594,40008.421875,40008.421875,27167146027.0,39984.51692733334,39375.96354166668,39375.96354166668,41225.52864633333,38743.50520833334,42466.54036533333,37502.49348933335
2021-07-30,40013.832031,40975.476563,38397.355469,40873.453125,40873.453125,29891004416.0,40082.09505233334,39188.71354166668,39188.71354166668,42660.21614633333,37503.97395833334,45238.33724033333,34925.85286433335
