,time,open,high,low,close,adj Close,Volume,previous_close,high-low,high-pc,low-pc,tr,atr,upperband,lowerband,in_uptrend,CDL2CROWS,CDL3BLACKCROWS,CDL3INSIDE,CDL3LINESTRIKE,CDL3OUTSIDE,CDL3STARSINSOUTH,CDL3WHITESOLDIERS,CDLABANDONEDBABY,CDLADVANCEBLOCK,CDLBELTHOLD,CDLBREAKAWAY,CDLCLOSINGMARUBOZU,CDLCONCEALBABYSWALL,CDLCOUNTERATTACK,CDLDARKCLOUDCOVER,CDLDOJI,CDLDOJISTAR,CDLDRAGONFLYDOJI,CDLENGULFING,CDLEVENINGDOJISTAR,CDLEVENINGSTAR,CDLGAPSIDESIDEWHITE,CDLGRAVESTONEDOJI,CDLHAMMER,CDLHANGINGMAN,CDLHARAMI,CDLHARAMICROSS,CDLHIGHWAVE,CDLHIKKAKE,CDLHIKKAKEMOD,CDLHOMINGPIGEON,CDLIDENTICAL3CROWS,CDLINNECK,CDLINVERTEDHAMMER,CDLKICKING,CDLKICKINGBYLENGTH,CDLLADDERBOTTOM,CDLLONGLEGGEDDOJI,CDLLONGLINE,CDLMARUBOZU,CDLMATCHINGLOW,CDLMATHOLD,CDLMORNINGDOJISTAR,CDLMORNINGSTAR,CDLONNECK,CDLPIERCING,CDLRICKSHAWMAN,CDLRISEFALL3METHODS,CDLSEPARATINGLINES,CDLSHOOTINGSTAR,CDLSHORTLINE,CDLSPINNINGTOP,CDLSTALLEDPATTERN,CDLSTICKSANDWICH,CDLTAKURI,CDLTASUKIGAP,CDLTHRUSTING,CDLTRISTAR,CDLUNIQUE3RIVER,CDLUPSIDEGAP2CROWS,CDLXSIDEGAP3METHODS
0,2020-07-30,40.029999,42.146999,40.029999,41.34,41.34,403900,,2.1170000000000044,,,2.1170000000000044,,,,True,0,0,0,0,0,0,0,0,0,0,0,0,0,0,0,0,0,0,0,0,0,0,0,0,0,0,0,0,0,0,0,0,0,0,0,0,0,0,0,0,0,0,0,0,0,0,0,0,0,0,0,0,0,0,0,0,0,0,0,0,0
1,2020-07-31,41.0,43.610001,40.75,43.540001,43.540001,422100,41.34,2.860000999999997,2.2700009999999935,0.5900000000000034,2.860000999999997,,,,True,0,0,0,0,0,0,0,0,0,0,0,0,0,0,0,0,0,0,0,0,0,0,0,0,0,0,0,0,0,0,0,0,0,0,0,0,0,0,0,0,0,0,0,0,0,0,0,0,0,0,0,0,0,0,0,0,0,0,0,0,0
2,2020-08-03,44.400002,44.700001,40.5,40.889999,40.889999,657200,43.540001,4.200001,1.1600000000000037,3.0400009999999966,4.200001,,,,True,0,0,0,0,0,0,0,0,0,0,0,0,0,0,0,0,0,0,-100,0,0,0,0,0,0,0,0,0,0,0,0,0,0,0,0,0,0,0,0,0,0,0,0,0,0,0,0,0,0,0,0,0,0,0,0,0,0,0,0,0,0
3,2020-08-04,41.009998,41.970001,40.209999,40.77,40.77,248900,40.889999,1.760002,1.0800020000000004,0.6799999999999997,1.760002,,,,True,0,0,0,0,-100,0,0,0,0,0,0,0,0,0,0,0,0,0,0,0,0,0,0,0,0,0,0,0,0,0,0,0,0,0,0,0,0,0,0,0,0,0,0,0,0,0,0,0,0,0,0,0,0,0,0,0,0,0,0,0,0
4,2020-08-05,41.5,42.708,40.555,41.740002,41.740002,1174100,40.77,2.1529999999999987,1.9379999999999953,0.2150000000000034,2.1529999999999987,,,,True,0,0,0,0,0,0,0,0,0,0,0,0,0,0,0,0,0,0,0,0,0,0,0,0,0,0,0,0,0,0,0,0,0,0,0,0,0,0,0,0,0,0,0,0,0,0,0,0,0,0,0,0,0,0,0,0,0,0,0,0,0
5,2020-08-06,42.029999,42.029999,39.07,39.84,39.84,605500,41.740002,2.9599989999999963,0.2899969999999996,2.6700019999999967,2.9599989999999963,,,,True,0,0,0,0,0,0,0,0,0,0,0,0,0,0,0,0,0,0,-100,0,0,0,0,0,0,0,0,0,0,0,0,0,0,0,0,0,0,0,0,0,0,0,0,0,0,0,0,0,0,0,0,0,0,0,0,0,0,0,0,0,0
6,2020-08-07,39.080002,39.310001,36.650002,38.0,38.0,1013600,39.84,2.659998999999999,0.5299990000000037,3.1899980000000028,3.1899980000000028,2.7485715714285712,46.22571621428571,29.734286785714286,True,0,0,0,0,-100,0,0,0,0,0,0,0,0,0,0,0,0,0,0,0,0,0,0,0,0,0,0,0,0,0,0,0,0,0,0,0,0,0,0,0,0,0,0,0,0,0,0,0,0,0,0,0,0,0,0,0,0,0,0,0,0
7,2020-08-10,38.599998,39.0,36.799999,37.5,37.5,474200,38.0,2.2000010000000003,1.0,1.2000010000000003,2.2000010000000003,2.7604288571428564,46.18128607142857,29.734286785714286,True,0,0,0,0,0,0,0,0,0,0,0,0,0,0,0,0,0,0,0,0,0,0,0,0,0,0,0,0,0,0,0,0,0,0,0,0,0,0,0,0,0,0,0,0,0,0,0,0,0,0,0,0,0,0,0,0,0,0,0,0,0
8,2020-08-11,37.900002,40.299999,37.900002,40.0,40.0,655000,37.5,2.399996999999999,2.7999989999999997,0.40000200000000063,2.7999989999999997,2.751857142857143,47.35557192857143,30.84442907142857,True,0,0,0,0,0,0,0,0,0,0,0,0,0,0,0,0,0,0,0,0,0,0,0,0,0,0,0,0,-100,0,0,0,0,0,0,0,0,0,0,0,0,0,0,0,0,0,0,0,0,0,0,0,0,0,0,0,0,0,0,0,0
9,2020-08-12,40.43,41.509998,39.529999,39.77,39.77,554100,40.0,1.9799990000000065,1.509998000000003,0.47000100000000344,1.9799990000000065,2.4347140000000005,47.8241405,33.2158565,True,0,0,0,0,0,0,0,0,0,0,0,0,0,0,0,0,0,0,0,0,0,0,0,0,0,0,0,0,0,0,0,0,0,0,0,0,0,0,0,0,0,0,0,0,0,0,0,0,0,0,0,0,0,0,0,0,0,0,0,0,0
10,2020-08-13,39.5,40.18,37.599998,37.75,37.75,444900,39.77,2.5800020000000004,0.4099999999999966,2.1700020000000038,2.5800020000000004,2.551856857142858,46.54556957142858,33.2158565,True,0,0,0,0,0,0,0,0,0,0,0,-100,0,0,0,0,0,0,0,0,0,0,0,0,0,0,0,0,0,0,0,0,0,0,0,0,0,0,0,0,0,0,0,0,0,0,0,0,0,0,0,0,0,0,0,0,0,0,0,0,0
11,2020-08-14,38.0,39.209999,37.860001,38.209999,38.209999,497600,37.75,1.3499980000000065,1.4599990000000034,0.1100009999999969,1.4599990000000034,2.4528567142857156,45.89357014285714,33.2158565,True,0,0,0,0,0,0,0,0,0,0,0,0,0,0,0,100,0,0,0,0,0,0,100,0,0,100,100,0,0,0,0,0,0,0,0,0,0,100,0,0,0,0,0,0,0,0,0,0,0,0,0,0,0,0,0,0,0,0,0,0,0
12,2020-08-17,39.0,42.880001,39.0,42.799999,42.799999,841400,38.209999,3.880001,4.670001999999997,0.7900009999999966,4.670001999999997,2.6971428571428584,49.031429071428576,33.2158565,True,0,0,100,0,0,0,0,0,0,100,0,100,0,0,0,0,0,0,0,0,0,0,0,0,0,0,0,0,-100,0,0,0,0,0,0,0,0,0,100,100,0,0,0,0,0,0,0,0,0,0,0,0,0,0,0,0,0,0,0,0,0
13,2020-08-18,40.009998,45.243999,39.0,42.060001,42.060001,2247200,42.799999,6.243999000000002,2.4440000000000026,3.7999989999999997,6.243999000000002,3.133428714285716,51.52228564285715,33.2158565,True,0,0,0,0,0,0,0,0,0,0,0,0,0,0,0,0,0,0,0,0,0,0,0,0,0,0,0,0,0,0,0,0,0,0,0,0,0,0,0,0,0,0,0,0,0,0,0,0,0,0,0,0,0,0,0,0,0,0,0,0,0
14,2020-08-19,42.080002,44.126999,42.080002,43.330002,43.330002,1025300,42.060001,2.0469969999999975,2.066997999999998,0.0200010000000006,2.066997999999998,3.1144282857142866,52.44678535714286,33.76021564285713,True,0,0,0,0,0,0,0,0,0,0,0,0,0,0,0,0,0,0,0,0,0,0,0,0,0,0,0,0,0,0,0,0,0,0,0,0,0,0,0,0,0,0,0,0,0,0,0,0,0,0,0,0,0,0,0,0,0,0,0,0,0
15,2020-08-20,43.0,48.849998,42.950001,46.509998,46.509998,1614000,43.330002,5.899996999999999,5.519995999999999,0.38000100000000003,5.899996999999999,3.5572851428571437,56.57185492857143,35.22814407142857,True,0,0,0,0,0,0,0,0,0,100,0,0,0,0,0,0,0,0,0,0,0,0,0,0,0,0,0,0,-100,0,0,0,0,0,0,0,0,0,0,0,0,0,0,0,0,0,0,0,0,0,0,0,0,0,0,0,0,0,0,0,0
16,2020-08-21,46.5,47.470001,44.882,45.5,45.5,744300,46.509998,2.5880010000000055,0.9600030000000004,1.6279980000000052,2.5880010000000055,3.644142571428572,57.108428214285716,35.243572785714285,True,0,0,0,0,0,0,0,0,0,0,0,0,0,0,0,0,0,0,0,0,0,0,0,0,0,-100,0,0,0,0,0,0,0,0,0,0,0,0,0,0,0,0,0,0,0,0,0,0,0,0,0,0,0,0,0,0,0,0,0,0,0
17,2020-08-24,46.220001,46.68,45.099998,45.400002,45.400002,538300,45.5,1.5800020000000004,1.1799999999999997,0.40000200000000063,1.5800020000000004,3.501285428571429,56.393855285714295,35.38614271428571,True,0,0,0,0,0,0,0,0,0,0,0,0,0,0,0,0,0,0,0,0,0,0,0,0,0,0,0,0,0,0,0,0,0,0,0,0,0,0,0,0,100,0,0,0,0,0,0,0,0,0,-100,0,0,0,0,0,0,0,0,0,0
18,2020-08-25,45.049999,45.68,43.889999,44.189999,44.189999,520800,45.400002,1.7900009999999966,0.2799979999999991,1.5100029999999975,1.7900009999999966,3.548428571428571,55.43028521428571,35.38614271428571,True,0,0,0,0,0,0,0,0,0,0,0,0,0,0,0,0,0,0,0,0,0,0,0,0,0,0,0,0,100,100,0,0,0,0,0,0,0,0,0,0,0,0,0,0,0,0,0,0,0,0,-100,0,0,0,0,0,0,0,0,0,0
19,2020-08-26,44.400002,49.790001,44.32,47.200001,47.200001,1606300,44.189999,5.470000999999996,5.600001999999996,0.13000100000000003,5.600001999999996,3.681285714285714,58.09885764285714,36.011143357142856,True,0,0,0,0,0,0,0,0,0,100,0,0,0,0,0,0,0,0,0,0,0,0,0,0,0,0,0,0,200,200,0,0,0,0,0,0,0,0,0,0,0,0,0,0,0,0,0,100,0,0,0,0,0,0,0,0,0,0,0,0,0
20,2020-08-27,47.810001,48.25,45.130001,46.549999,46.549999,685800,47.200001,3.119999,1.0499989999999997,2.0700000000000003,3.119999,3.2349999999999994,56.395000499999995,36.9850005,True,0,0,0,0,0,0,0,0,0,0,0,0,0,0,0,0,0,0,0,0,0,0,0,0,0,0,0,0,0,0,0,0,0,0,0,0,0,0,0,0,0,0,0,0,0,0,0,0,0,0,0,0,0,0,0,0,0,0,0,0,0
21,2020-08-28,46.32,49.98,45.799999,48.66,48.66,784400,46.549999,4.180000999999997,3.430000999999997,0.75,4.180000999999997,3.5368575714285706,58.50057221428571,37.27942678571429,True,0,0,0,0,0,0,0,0,0,0,0,0,0,0,0,0,0,0,100,0,0,0,0,0,0,0,0,0,-100,0,0,0,0,0,0,0,0,0,0,0,0,0,0,0,0,0,0,0,0,0,0,0,0,0,0,0,0,0,0,0,0
22,2020-08-31,49.139999,49.32,47.0,47.779999,47.779999,342000,48.66,2.3200000000000003,0.6600000000000037,1.6599999999999966,2.3200000000000003,3.025429428571428,57.23628828571428,39.08371171428571,True,0,0,0,0,0,0,0,0,0,0,0,0,0,0,0,0,0,0,0,0,0,0,0,0,0,0,0,0,0,0,0,0,0,0,0,0,0,0,0,0,0,0,0,0,0,0,0,0,0,0,-100,0,0,0,0,0,0,0,0,0,0
23,2020-09-01,49.02,53.740002,48.77,52.860001,52.860001,801700,47.779999,4.970001999999994,5.960003,0.9900010000000066,5.960003,3.507143999999999,61.776433,40.733569,True,0,0,0,0,0,0,0,0,0,100,0,0,0,0,0,0,0,0,0,0,0,0,0,0,0,0,0,0,-100,0,0,0,0,0,0,0,0,0,100,0,0,0,0,0,0,0,0,0,100,0,0,0,0,0,0,0,0,0,0,0,0
24,2020-09-02,53.5,57.369999,51.360001,56.939999,56.939999,971500,52.860001,6.009998000000003,4.509998000000003,1.5,6.009998000000003,4.140000571428571,66.78500171428571,41.944998285714284,True,0,0,0,0,0,0,0,0,0,0,0,0,0,0,0,0,0,0,0,0,0,0,0,0,0,0,0,0,0,0,0,0,0,0,0,0,0,0,0,0,0,0,0,0,0,0,0,0,0,0,0,0,0,0,0,0,0,0,0,0,0
25,2020-09-03,56.0,57.5,50.389999,51.900002,51.900002,1111200,56.939999,7.110000999999997,0.5600009999999997,6.549999999999997,7.110000999999997,4.900000571428571,68.64500121428571,41.944998285714284,True,0,0,0,0,0,0,0,0,0,0,0,0,0,0,0,0,0,0,0,0,0,0,0,0,0,0,0,0,0,0,0,0,0,0,0,0,0,0,0,0,0,0,0,0,0,0,0,0,0,0,0,0,0,0,0,0,0,0,0,0,100
26,2020-09-04,51.0,53.990002,45.389999,52.759998,52.759998,936600,51.900002,8.600002999999994,2.0899999999999963,6.5100029999999975,8.600002999999994,5.3285721428571415,65.67571692857142,41.944998285714284,True,0,0,0,0,0,0,0,0,0,0,0,0,0,0,0,0,0,0,0,0,0,0,0,0,0,0,0,0,0,0,0,0,0,0,0,0,0,0,0,0,0,0,0,0,0,0,0,0,0,0,0,0,0,0,0,0,0,0,0,0,0
27,2020-09-08,49.866001,50.990002,48.009998,49.130001,49.130001,772800,52.759998,2.980003999999994,1.7699960000000061,4.75,4.75,5.561429428571428,66.18428828571427,41.944998285714284,True,0,0,0,0,0,0,0,0,0,0,0,0,0,0,0,0,0,0,0,0,0,0,0,0,0,0,0,0,0,0,0,0,0,0,0,0,0,0,0,0,0,0,0,0,0,0,0,0,0,0,-100,-100,0,0,0,0,0,0,0,0,0
28,2020-09-09,50.799999,51.465,49.490002,50.25,50.25,644200,49.130001,1.9749980000000065,2.3349990000000034,0.3600009999999969,2.3349990000000034,5.297857714285714,66.37107414285714,41.944998285714284,True,0,0,0,0,0,0,0,0,0,0,0,0,0,0,0,0,0,0,0,0,0,0,0,0,0,0,0,0,-100,0,0,0,0,0,0,0,0,0,0,0,0,0,0,0,0,0,0,0,0,0,-100,-100,0,0,0,0,0,0,0,0,0
29,2020-09-10,51.580002,53.459999,49.060001,50.689999,50.689999,411800,50.25,4.399998000000004,3.2099990000000034,1.1899990000000003,4.399998000000004,5.595000285714286,68.04500085714287,41.944998285714284,True,0,0,0,0,0,0,0,0,0,0,0,0,0,0,0,0,0,0,0,0,0,0,0,0,0,0,0,0,0,0,0,0,0,0,0,0,0,0,0,0,0,0,0,0,0,0,0,0,0,0,0,-100,0,0,0,0,0,0,0,0,0
30,2020-09-11,50.900002,51.049999,47.591,48.400002,48.400002,331700,50.689999,3.4589989999999986,0.35999999999999943,3.098998999999999,3.4589989999999986,5.2377139999999995,65.03364149999999,41.944998285714284,True,0,0,0,0,0,0,0,0,0,-100,0,0,0,0,0,0,0,0,0,0,0,0,0,0,0,0,0,0,0,0,0,0,0,0,0,0,0,0,-100,0,0,0,0,0,0,0,0,0,0,0,0,0,0,0,0,0,0,0,0,0,0
31,2020-09-14,48.849998,51.965,48.700001,50.700001,50.700001,371600,48.400002,3.264999000000003,3.5649980000000028,0.2999989999999997,3.5649980000000028,4.888428285714285,64.99778535714286,41.944998285714284,True,0,0,0,0,0,0,0,0,0,0,0,0,0,0,0,0,0,0,0,0,0,0,0,0,0,100,0,0,0,0,0,0,0,0,0,0,0,0,0,0,0,0,0,0,0,0,0,0,0,0,0,0,0,0,0,0,0,0,0,0,0
32,2020-09-15,51.240002,52.5,47.458,48.23,48.23,616100,50.700001,5.042000000000002,1.7999989999999997,3.242001000000002,5.042000000000002,4.592999571428572,63.75799871428572,41.944998285714284,True,0,0,0,0,0,0,0,0,0,0,0,0,0,0,0,0,0,0,-100,0,0,0,0,0,0,0,0,0,0,0,0,0,0,0,0,0,0,0,0,0,0,0,0,0,0,0,0,0,0,0,0,0,0,100,0,0,0,0,0,0,0
33,2020-09-16,48.099998,50.799999,48.099998,49.950001,49.950001,341600,48.23,2.7000010000000003,2.569999000000003,0.1300019999999975,2.7000010000000003,3.750142142857144,60.70042492857144,41.944998285714284,True,0,0,0,0,0,0,0,0,0,0,0,0,0,0,0,0,0,0,0,0,0,0,0,0,0,0,0,0,0,0,0,0,0,0,0,0,0,0,0,0,0,0,0,0,0,0,0,0,0,0,100,0,0,0,0,0,0,0,0,0,0
34,2020-09-17,47.5,49.93,47.306999,49.439999,49.439999,247700,49.950001,2.623001000000002,0.0200010000000006,2.6430020000000027,2.6430020000000027,3.4491424285714305,58.96592678571429,41.944998285714284,True,0,0,0,0,0,0,0,0,0,0,0,0,0,0,0,0,0,0,0,0,0,0,0,0,0,0,0,0,100,0,0,0,0,0,0,0,0,0,0,0,0,0,0,0,0,0,0,0,0,0,100,0,0,0,0,0,0,0,0,0,0
35,2020-09-18,49.450001,49.990002,47.610001,47.860001,47.860001,481200,49.439999,2.380001,0.5500029999999967,1.8299980000000033,2.380001,3.4555712857142873,59.166715357142856,41.944998285714284,True,0,0,0,0,0,0,0,0,0,0,0,0,0,0,0,0,0,0,0,0,0,0,0,0,0,0,0,0,0,0,0,0,0,0,0,0,0,0,0,0,0,0,0,0,0,0,0,0,0,0,-100,0,0,0,0,0,0,0,0,0,0
36,2020-09-21,47.0,48.990002,46.099998,46.950001,46.950001,428800,47.860001,2.8900039999999976,1.130001,1.7600029999999975,2.8900039999999976,3.239857857142858,57.26457357142857,41.944998285714284,True,0,0,0,0,0,0,0,0,0,0,0,0,0,0,0,100,0,0,0,0,0,0,0,0,0,0,0,-100,0,0,0,0,0,0,0,0,0,100,0,0,0,0,0,0,0,0,100,0,0,0,0,-100,0,0,0,0,0,0,0,0,0
37,2020-09-22,47.139999,49.490002,46.5,48.490002,48.490002,849000,46.950001,2.990001999999997,2.5400009999999966,0.4500010000000003,2.990001999999997,3.172858285714286,57.51357585714286,41.944998285714284,True,0,0,0,0,0,0,0,0,0,0,0,0,0,0,0,0,0,0,0,0,0,0,0,0,0,0,0,0,0,0,0,0,0,0,0,0,0,0,0,0,0,0,0,0,0,0,0,0,0,0,0,0,0,0,0,0,0,0,0,0,0
38,2020-09-23,49.0,49.0,46.02,46.540001,46.540001,514200,48.490002,2.979999999999997,0.5099980000000031,2.470001999999994,2.979999999999997,3.0892871428571422,56.777861428571434,41.944998285714284,True,0,0,0,0,0,0,0,0,0,-100,0,0,0,0,0,0,0,0,-100,0,0,0,0,0,0,0,0,0,0,0,0,0,0,0,0,0,0,0,-100,0,0,0,0,0,0,0,0,0,0,0,0,0,0,0,0,0,0,0,0,0,0
39,2020-09-24,45.59,48.560001,45.0,47.82,47.82,461800,46.540001,3.5600009999999997,2.020000000000003,1.5400009999999966,3.5600009999999997,2.877572999999999,55.412719499999994,41.944998285714284,True,0,0,0,0,0,0,0,0,0,0,0,0,0,0,0,0,0,0,0,0,0,0,0,0,0,0,0,0,0,0,0,0,0,0,0,0,0,0,100,0,0,0,0,0,0,100,0,0,0,0,0,0,0,0,0,0,0,0,0,0,0
40,2020-09-25,46.599998,47.825001,46.099998,46.48,46.48,280700,47.82,1.725003000000001,0.005001000000000033,1.720002000000001,1.725003000000001,2.738287571428571,55.17736221428571,41.944998285714284,True,0,0,0,0,0,0,0,0,0,0,0,0,0,0,0,100,0,0,0,0,0,0,0,0,0,-100,-100,-100,0,0,0,0,0,0,0,0,0,100,0,0,0,0,0,0,0,0,100,0,0,0,0,-100,0,0,0,0,0,0,0,0,0
41,2020-09-28,46.869999,47.775002,44.950001,46.380001,46.380001,274800,46.48,2.8250010000000003,1.2950020000000038,1.5299989999999966,2.8250010000000003,2.7642874285714276,54.655363785714286,41.944998285714284,True,0,0,0,0,0,0,0,0,0,0,0,0,0,0,0,0,0,0,0,0,0,0,0,0,0,0,0,0,100,0,0,0,0,0,0,0,0,0,0,0,100,0,0,0,0,0,0,0,0,0,0,-100,0,0,0,0,0,0,0,0,0
42,2020-09-29,46.380001,46.900002,45.099998,45.32,45.32,402800,46.380001,1.8000040000000013,0.5200010000000006,1.2800030000000007,1.8000040000000013,2.6814307142857134,54.04429214285714,41.944998285714284,True,0,0,0,0,0,0,0,0,0,0,0,0,0,0,0,0,0,0,0,0,0,0,0,0,0,0,0,0,0,0,0,0,0,0,0,0,0,0,0,0,0,0,0,0,0,0,0,0,0,0,-100,0,0,0,0,0,0,0,0,0,0
43,2020-09-30,45.200001,45.784,42.5,42.98,42.98,695700,45.32,3.283999999999999,0.46399999999999864,2.8200000000000003,3.283999999999999,2.7377158571428564,52.35514757142857,41.944998285714284,True,0,0,0,0,0,0,0,0,0,0,0,0,0,0,0,0,0,0,0,0,0,0,0,0,0,0,0,0,100,0,0,0,0,0,0,0,0,0,-100,0,0,0,0,0,0,0,0,0,0,0,0,0,0,0,0,0,0,0,0,0,0
44,2020-10-01,43.009998,43.490002,41.099998,41.77,41.77,909300,42.98,2.3900039999999976,0.5100020000000001,1.8800019999999975,2.3900039999999976,2.6520018571428565,50.25100557142857,34.33899442857143,False,0,0,0,0,0,0,0,0,0,0,0,0,0,0,0,0,0,0,0,0,0,0,0,0,0,0,0,0,0,0,0,0,0,0,0,0,0,0,0,0,0,0,0,0,0,0,0,0,0,0,-100,0,0,0,0,0,0,0,0,0,0
45,2020-10-02,41.400002,44.799999,41.009998,43.990002,43.990002,534000,41.77,3.7900009999999966,3.0299989999999966,0.7600020000000001,3.7900009999999966,2.767716285714285,50.25100557142857,34.60184964285715,False,0,0,0,0,0,0,0,0,0,0,0,0,0,0,0,0,0,0,100,0,0,0,0,0,0,0,0,0,0,0,0,0,0,0,0,0,0,0,0,0,0,0,0,0,0,0,0,0,0,0,0,0,0,0,0,0,0,0,0,0,0
46,2020-10-05,45.18,45.860001,43.312,44.080002,44.080002,298500,43.990002,2.5480009999999993,1.869999,0.6780019999999993,2.5480009999999993,2.6231448571428566,50.25100557142857,36.71656592857143,False,0,0,0,0,100,0,0,0,0,0,0,0,0,0,0,0,0,0,0,0,0,0,0,0,0,0,0,0,0,0,0,0,0,0,0,0,0,0,0,0,0,0,0,0,0,0,0,0,0,0,0,0,0,0,0,0,0,0,0,0,0
47,2020-10-06,44.080002,45.52,41.279999,42.389999,42.389999,645500,44.080002,4.240001000000007,1.4399980000000028,2.800003000000004,4.240001000000007,2.982430285714286,50.25100557142857,34.45270864285715,False,0,0,0,0,0,0,0,0,0,0,0,0,0,0,0,0,0,0,0,0,-100,0,0,0,0,0,0,0,0,0,0,0,0,0,0,0,0,0,0,0,0,0,0,0,0,0,0,0,0,0,0,0,0,0,0,0,0,0,0,0,0
48,2020-10-07,42.650002,43.27,40.5,40.5,40.5,896000,42.389999,2.770000000000003,0.880001,1.889999000000003,2.770000000000003,2.9745730000000004,50.25100557142857,32.961281,False,0,0,0,0,0,0,0,0,0,0,0,-100,0,0,0,0,0,0,0,0,0,0,0,0,0,0,0,0,0,0,0,0,0,0,0,0,0,0,-100,0,0,0,0,0,0,0,0,0,0,0,0,0,0,0,0,0,0,0,0,0,0
49,2020-10-08,41.48,42.169998,40.310001,40.91,40.91,704100,40.5,1.859997,1.6699979999999996,0.18999900000000025,1.859997,2.9831434285714287,50.18942978571428,32.29056921428571,False,0,0,0,0,0,0,0,0,0,0,0,0,0,0,0,0,0,0,0,0,0,0,0,0,0,100,0,0,0,0,100,0,0,0,0,0,0,0,0,0,0,0,0,0,0,0,0,0,0,0,-100,-100,0,0,0,0,0,0,0,0,0
50,2020-10-09,41.07,45.34,40.799999,45.049999,45.049999,916000,40.91,4.540001000000004,4.430000000000007,0.1100009999999969,4.540001000000004,3.162572142857144,50.18942978571428,33.58228307142857,False,0,0,100,0,0,0,0,0,0,100,0,0,0,0,0,0,0,0,0,0,0,0,0,0,0,0,0,0,0,0,0,0,0,0,0,0,0,0,100,0,0,0,0,0,0,0,0,0,0,0,0,0,0,0,0,0,0,0,0,0,0
51,2020-10-12,46.43,47.700001,45.224998,46.02,46.02,988900,45.049999,2.475003000000001,2.6500020000000006,0.17499899999999968,2.6500020000000006,3.1997147142857156,50.18942978571428,36.86335535714285,False,0,0,0,0,0,0,0,0,0,0,0,0,0,0,0,0,0,0,0,0,0,0,0,0,0,0,0,0,0,0,0,0,0,0,0,0,0,0,0,0,0,0,0,0,0,0,0,0,0,0,0,-100,0,0,0,0,0,0,0,0,0
52,2020-10-13,46.0,47.5,44.509998,45.639999,45.639999,665600,46.02,2.990001999999997,1.4799999999999969,1.510002,2.990001999999997,3.0854291428571443,50.18942978571428,36.748711571428565,False,0,0,0,0,0,0,0,0,0,0,0,0,0,0,0,0,0,0,0,0,0,0,0,0,0,0,0,-100,0,0,0,0,0,0,0,0,0,0,0,0,0,0,0,0,0,0,0,0,0,0,0,-100,0,0,0,0,0,0,0,0,0
53,2020-10-14,45.259998,46.0,43.700001,45.0,45.0,781300,45.639999,2.2999989999999997,0.3600009999999969,1.9399980000000028,2.2999989999999997,3.050000285714287,50.18942978571428,35.69999964285714,False,0,0,0,0,0,0,0,0,0,0,0,0,0,0,0,100,0,0,0,0,0,0,0,0,0,0,0,-100,0,0,0,0,0,0,0,0,0,100,0,0,0,0,0,0,0,0,100,0,0,0,0,-100,0,0,0,0,0,0,0,0,0
54,2020-10-15,44.369999,44.400002,42.900002,43.5,43.5,722100,45.0,1.5,0.5999979999999994,2.0999979999999994,2.0999979999999994,2.744285571428572,50.18942978571428,35.417145285714284,False,0,0,0,0,0,0,0,0,0,0,0,0,0,0,0,0,0,0,0,0,0,0,0,0,0,0,0,0,0,0,0,0,0,0,0,0,0,0,0,0,0,0,0,0,0,0,0,0,0,0,-100,0,0,0,0,0,0,0,0,0,0
55,2020-10-16,43.950001,45.200001,41.919998,42.0,42.0,608300,43.5,3.2800030000000007,1.7000010000000003,1.5800020000000004,3.2800030000000007,2.817143142857143,50.18942978571428,35.108570071428574,False,0,0,0,0,0,0,0,0,0,0,0,-100,0,0,0,0,0,0,0,0,0,0,0,0,0,0,0,0,0,0,0,0,0,0,0,0,0,0,0,0,0,0,0,0,0,0,0,0,0,0,0,0,0,0,0,0,0,0,0,0,0
56,2020-10-19,42.639999,44.0,40.896,43.459999,43.459999,863100,42.0,3.103999999999999,2.0,1.1039999999999992,3.103999999999999,2.9948578571428572,50.18942978571428,33.46342642857143,False,0,0,0,0,0,0,0,0,0,0,0,0,0,0,0,0,0,0,0,0,0,0,0,0,0,100,0,0,0,0,0,0,0,0,0,0,0,0,0,0,0,0,0,0,0,0,0,0,0,0,0,0,0,0,0,0,0,0,0,0,0
57,2020-10-20,43.73,44.540001,42.330002,43.459999,43.459999,1094100,43.459999,2.2099989999999963,1.0800019999999932,1.129997000000003,2.2099989999999963,2.6620004285714276,50.18942978571428,35.44900021428572,False,0,0,0,0,0,0,0,0,0,0,0,0,0,0,0,100,0,0,0,0,0,0,0,0,0,0,0,-100,0,0,0,0,0,0,0,0,0,100,0,0,0,0,0,0,0,0,100,0,0,0,0,-100,0,0,0,0,0,0,0,0,0
58,2020-10-21,44.310001,45.82,40.900002,41.950001,41.950001,1300300,43.459999,4.919998,2.360000999999997,2.5599970000000027,4.919998,2.9862855714285703,50.18942978571428,34.40114428571429,False,0,0,0,0,0,0,0,0,0,0,0,0,0,0,0,0,0,0,0,0,0,0,0,0,0,0,0,0,0,0,0,0,0,0,0,0,0,0,0,0,0,0,0,0,0,0,0,0,0,0,0,0,0,0,0,0,0,0,0,0,0
59,2020-10-22,42.119999,42.59,41.130001,41.16,41.16,772200,41.950001,1.4599990000000034,0.6399990000000031,0.8200000000000003,1.4599990000000034,2.767713714285714,50.16314164285714,33.556859357142855,False,0,0,0,0,0,0,0,0,0,0,0,0,0,0,0,0,0,0,0,0,0,0,0,0,0,0,0,0,0,0,0,0,0,0,0,0,0,0,0,0,0,0,0,0,0,0,0,0,0,0,-100,0,0,0,0,0,0,0,0,0,0
60,2020-10-23,41.369999,42.16,40.700001,42.150002,42.150002,692400,41.16,1.4599989999999963,1.0,0.45999899999999627,1.4599989999999963,2.6477137142857137,49.37314164285714,33.486859357142855,False,0,0,0,0,0,0,0,0,0,0,0,0,0,0,0,0,0,0,0,0,0,0,0,0,0,0,0,0,100,0,0,0,0,0,0,0,0,0,0,0,0,0,0,0,0,0,0,0,0,0,100,0,0,0,0,0,0,0,0,0,0
61,2020-10-26,41.810001,43.389999,40.849998,41.709999,41.709999,727400,42.150002,2.5400010000000037,1.2399970000000025,1.3000040000000013,2.5400010000000037,2.7105712857142854,49.37314164285714,33.988284642857145,False,0,0,0,0,0,0,0,0,0,0,0,0,0,0,0,100,0,0,0,0,0,0,0,0,0,0,0,-100,0,0,0,0,0,0,0,0,0,100,0,0,0,0,0,0,0,0,100,0,0,0,0,-100,0,0,0,0,0,0,0,0,0
62,2020-10-27,42.0,43.459999,41.880001,42.599998,42.599998,820800,41.709999,1.5799980000000033,1.75,0.17000199999999666,1.75,2.4919994285714284,49.37314164285714,35.19400171428572,False,0,0,0,0,0,0,0,0,0,0,0,0,0,0,0,0,0,0,0,0,0,0,0,0,0,0,0,0,200,0,0,0,0,0,0,0,0,0,0,0,0,0,0,0,0,0,0,0,0,-100,0,0,0,0,0,0,0,0,0,0,0
63,2020-10-28,42.299999,42.310001,40.509998,40.91,40.91,1258700,42.599998,1.8000029999999967,0.2899969999999996,2.0899999999999963,2.0899999999999963,2.347142285714285,48.45142635714285,34.368572642857146,False,0,0,0,0,0,0,0,0,0,-100,0,0,0,0,0,0,0,0,0,0,0,0,0,0,0,0,0,0,0,0,0,0,0,0,0,0,0,0,-100,0,0,0,0,0,0,0,0,0,0,0,0,0,0,0,0,0,0,0,0,0,0
64,2020-10-29,41.650002,43.790001,40.889999,42.07,42.07,993200,40.91,2.9000019999999935,2.880001,0.020000999999993496,2.9000019999999935,2.445714142857142,48.45142635714285,35.00285757142858,False,0,0,0,0,0,0,0,0,0,0,0,0,0,0,0,0,0,0,0,0,0,0,0,0,0,100,0,0,0,0,0,0,0,0,0,0,0,0,0,0,0,0,0,0,0,0,0,0,0,0,0,100,0,0,0,0,0,0,0,0,0
65,2020-10-30,42.07,42.431999,37.959999,38.5,38.5,1340300,42.07,4.471999999999994,0.3619989999999973,4.110000999999997,4.471999999999994,2.381714428571427,47.341142285714284,33.05085571428572,False,0,0,0,0,0,0,0,0,0,0,0,0,0,0,0,0,0,0,0,0,0,0,0,0,0,0,0,0,0,0,0,0,0,0,0,0,0,0,-100,0,0,0,0,0,0,0,0,0,0,0,0,0,0,0,0,0,0,0,0,0,0
66,2020-11-02,39.82,39.849998,36.880001,37.82,37.82,581700,38.5,2.9699969999999993,1.3499979999999994,1.619999,2.9699969999999993,2.597428428571426,46.157284785714275,30.572714214285718,False,0,0,0,0,0,0,0,0,0,-100,0,0,0,0,0,0,0,0,0,0,0,0,0,0,0,0,0,0,0,0,0,0,0,0,0,0,0,0,0,0,0,0,0,0,0,0,0,0,0,0,0,0,0,0,0,0,0,0,0,0,0
67,2020-11-03,38.0,38.889999,37.641998,38.669998,38.669998,596200,37.82,1.2480010000000021,1.0699990000000028,0.17800199999999933,1.2480010000000021,2.5671429999999984,45.9674275,30.564569500000005,False,0,0,0,0,0,0,0,0,0,0,0,0,0,0,0,0,0,0,0,0,0,0,0,0,0,100,0,0,0,0,0,0,0,0,0,0,0,0,0,0,0,0,0,0,0,0,0,0,0,0,100,0,0,0,0,0,0,0,0,0,0
68,2020-11-04,39.599998,43.580002,39.5,43.189999,43.189999,850100,38.669998,4.080002,4.910004000000001,0.8300020000000004,4.910004000000001,2.905714857142855,45.9674275,32.82285642857144,False,0,0,100,0,0,0,0,0,0,100,0,0,0,0,0,0,0,0,0,0,0,0,0,0,0,0,0,0,-100,0,0,0,0,0,0,0,0,0,100,0,0,0,0,0,0,0,0,0,0,0,0,0,0,0,0,0,0,0,0,0,0
69,2020-11-05,44.049999,44.5,42.110001,43.900002,43.900002,486500,43.189999,2.389999000000003,1.3100009999999997,1.0799980000000033,2.389999000000003,2.997143285714284,45.9674275,34.313570642857144,False,0,0,0,0,0,0,0,0,0,0,0,0,0,0,0,100,-100,0,0,0,0,0,0,0,0,0,0,-100,0,0,0,0,0,0,0,0,0,100,0,0,0,0,0,0,0,0,100,0,0,0,0,-100,0,0,0,0,0,0,0,0,0
70,2020-11-06,43.369999,44.599998,42.619999,43.25,43.25,454800,43.900002,1.9799989999999994,0.6999959999999987,1.2800030000000007,1.9799989999999994,2.981428857142856,45.9674275,34.66571192857143,False,0,0,0,0,0,0,0,0,0,0,0,0,0,0,0,100,0,0,0,0,0,0,0,0,0,0,0,-100,0,0,0,0,0,0,0,0,0,100,0,0,0,0,0,0,0,0,100,0,0,0,0,-100,0,0,0,0,0,0,0,0,0
71,2020-11-09,42.490002,42.990002,39.5,42.709999,42.709999,816300,43.25,3.490001999999997,0.25999800000000306,3.75,3.75,3.1028571428571428,45.9674275,31.936429571428576,False,0,0,0,0,0,0,0,0,0,0,0,0,0,0,0,100,0,0,0,0,0,0,0,0,0,0,0,0,0,0,0,0,0,0,0,0,0,100,0,0,0,0,0,0,0,0,0,0,0,0,0,100,0,0,0,0,0,0,0,0,0
72,2020-11-10,41.75,41.959999,38.560001,39.060001,39.060001,1064600,42.709999,3.3999980000000036,0.75,4.149998000000004,4.149998000000004,3.0568568571428583,45.9674275,31.089429428571428,False,0,0,0,0,0,0,0,0,0,-100,0,0,0,0,0,0,0,0,0,0,0,0,0,0,0,0,0,0,0,0,0,0,0,0,0,0,0,0,-100,0,0,0,0,0,0,0,0,0,0,0,0,0,0,0,0,0,0,0,0,0,0
73,2020-11-11,39.599998,41.23,38.330002,39.110001,39.110001,969500,39.060001,2.8999979999999965,2.169998999999997,0.7299989999999994,2.8999979999999965,3.0468570000000006,45.9674275,30.639429999999997,False,0,0,0,0,0,0,0,0,0,0,0,0,0,0,0,0,0,0,0,0,0,0,0,0,0,100,0,0,0,0,100,0,0,0,0,0,0,0,0,0,100,0,0,0,0,0,0,0,0,0,0,-100,0,0,0,0,0,0,0,0,0
74,2020-11-12,39.619999,41.48,38.57,39.240002,39.240002,793100,39.110001,2.9099999999999966,2.369999,0.5400009999999966,2.9099999999999966,3.2842854285714287,45.9674275,30.172143714285713,False,0,0,0,0,0,0,0,0,0,0,0,0,0,0,0,0,0,0,0,0,0,0,0,0,0,0,0,0,0,0,0,0,0,0,0,0,0,0,0,0,100,0,0,0,0,0,0,0,0,0,0,-100,0,0,0,0,0,0,0,0,0
75,2020-11-13,39.490002,39.939999,38.200001,39.0,39.0,642700,39.240002,1.739998,0.6999970000000033,1.0400009999999966,1.739998,2.8314274285714283,45.9674275,30.575717714285716,False,0,0,0,0,0,0,0,0,0,0,0,0,0,0,0,0,0,0,0,0,0,0,0,0,0,0,0,0,0,0,0,0,0,0,0,0,0,0,0,0,0,0,0,0,0,0,0,0,0,0,0,0,0,0,0,0,0,0,0,0,0
76,2020-11-16,40.0,41.599998,40.0,41.470001,41.470001,961100,39.0,1.5999979999999994,2.5999979999999994,1.0,2.5999979999999994,2.861427285714285,45.9674275,32.215717142857144,False,0,0,0,0,0,0,0,0,0,100,0,100,0,0,0,0,0,0,0,0,0,0,0,0,0,0,0,0,0,0,0,0,0,0,0,0,0,0,100,100,0,0,0,0,0,0,0,0,0,0,0,0,0,0,0,0,0,0,0,0,0
77,2020-11-17,37.200001,37.700001,35.009998,36.98,36.98,3600500,41.470001,2.6900029999999973,3.770000000000003,6.460003,6.460003,3.5014278571428568,45.9674275,25.850715928571436,False,0,0,0,0,0,0,0,0,0,0,0,0,0,0,0,100,0,0,0,0,0,0,0,0,0,0,0,-100,0,0,0,0,0,0,0,0,0,100,0,0,0,0,0,0,0,0,0,0,0,0,0,-100,0,0,0,0,0,0,0,0,0
78,2020-11-18,37.810001,37.84,35.009998,35.130001,35.130001,1847200,36.98,2.8300020000000004,0.8600000000000065,1.9700019999999938,2.8300020000000004,3.369999571428571,45.9674275,26.315000285714287,False,0,0,0,0,0,0,0,0,0,-100,0,-100,0,0,0,0,0,0,0,0,0,0,0,0,0,0,0,0,0,0,0,0,0,0,0,0,0,0,-100,-100,0,0,0,0,0,0,0,0,0,0,0,0,0,0,0,0,0,0,0,0,0
79,2020-11-19,35.59,36.439999,33.599998,35.990002,35.990002,1927700,35.130001,2.840001000000001,1.3099980000000002,1.5300030000000007,2.840001000000001,3.182857142857142,44.56856992857143,25.47142707142857,False,0,0,0,0,0,0,0,0,0,0,0,0,0,0,0,0,0,0,0,0,0,0,0,0,0,100,0,0,0,0,0,0,0,0,0,0,0,0,0,0,0,0,0,0,0,0,0,0,0,0,0,100,0,0,0,0,0,0,0,0,0
80,2020-11-20,36.599998,36.824001,35.68,36.650002,36.650002,1061500,35.990002,1.144001000000003,0.8339990000000057,0.3100019999999972,1.144001000000003,2.9320004285714285,44.56856992857143,27.455999214285715,False,0,0,0,0,0,0,0,0,0,0,0,0,0,0,0,100,0,100,0,0,0,0,0,0,-100,0,0,100,0,0,0,0,0,0,0,0,0,100,0,0,0,0,0,0,0,0,100,0,0,0,0,100,0,0,100,0,0,0,0,0,0
81,2020-11-23,36.5,36.720001,35.938,36.09,36.09,1297700,36.650002,0.7820010000000011,0.06999900000000281,0.7120019999999982,0.7820010000000011,2.628000571428572,44.21300221428572,28.44499878571429,False,0,0,0,0,0,0,0,0,0,0,0,0,0,0,0,0,0,0,0,0,0,0,0,0,0,0,0,0,0,0,0,0,0,0,0,0,0,0,0,0,0,0,0,0,0,0,0,0,0,0,-100,0,0,0,0,0,0,0,0,0,0
82,2020-11-24,36.0,36.689999,35.634998,36.610001,36.610001,1060000,36.09,1.0550009999999972,0.5999989999999968,0.45500200000000035,1.0550009999999972,2.5301438571428574,43.75293007142857,28.572066928571424,False,0,0,0,0,0,0,0,0,0,0,0,0,0,0,0,0,0,0,100,0,0,0,0,0,0,0,0,0,100,0,0,0,0,0,0,0,0,0,0,0,0,0,0,0,0,0,0,0,0,0,100,0,0,0,0,0,0,0,0,0,0
83,2020-11-25,36.389999,38.34,35.950001,38.209999,38.209999,728900,36.610001,2.389999000000003,1.7299990000000065,0.6599999999999966,2.389999000000003,2.500144000000001,43.75293007142857,29.6445685,False,0,0,0,0,100,0,0,0,0,0,0,100,0,0,0,0,0,0,0,0,0,0,0,0,0,0,0,0,200,0,0,0,0,0,0,0,0,0,100,0,0,0,0,0,0,0,0,0,0,0,0,0,0,0,0,0,0,0,0,0,0
84,2020-11-27,38.700001,40.82,38.610001,40.650002,40.650002,966300,38.209999,2.2099990000000034,2.610000999999997,0.40000199999999353,2.610000999999997,1.9501437142857145,43.75293007142857,33.864569357142855,False,0,0,0,0,0,0,0,0,0,100,0,100,0,0,0,0,0,0,0,0,0,0,0,0,0,0,0,0,0,0,0,0,0,0,0,0,0,0,100,100,0,0,0,0,0,0,0,0,0,0,0,0,0,0,0,0,0,0,0,0,0
85,2020-11-30,40.700001,40.700001,36.5,38.450001,38.450001,1517900,40.650002,4.200001,0.04999899999999968,4.150002000000001,4.200001,2.1458578571428575,43.75293007142857,32.16242692857143,False,0,0,0,0,0,0,0,0,0,-100,0,0,0,0,0,0,0,0,-100,0,0,0,0,0,0,0,0,0,0,0,0,0,0,0,0,0,0,0,0,0,0,0,0,0,0,0,0,0,0,0,0,0,0,0,0,0,0,0,0,0,0
86,2020-12-01,38.450001,38.450001,36.66,37.419998,37.419998,1157600,38.450001,1.7900010000000037,0.0,1.7900010000000037,1.7900010000000037,1.9958578571428578,43.542574071428575,31.567426928571425,False,0,0,0,0,-100,0,0,0,0,0,0,0,0,0,0,0,0,0,0,0,0,0,0,0,0,0,0,0,0,0,0,0,0,0,0,0,0,0,0,0,0,0,0,0,0,0,0,0,0,0,0,0,0,0,0,0,0,0,0,0,0
87,2020-12-02,37.439999,37.459999,35.700001,37.27,37.27,731100,37.419998,1.759998000000003,0.04000100000000373,1.7199969999999993,1.759998000000003,2.0838574285714295,42.83157228571429,30.32842771428571,False,0,0,0,0,0,0,0,0,0,0,0,0,0,0,0,100,0,100,0,0,0,0,0,0,0,0,0,0,100,0,0,0,0,0,0,0,0,100,0,0,0,0,0,0,0,0,0,0,0,0,0,0,0,0,100,0,0,0,0,0,0
88,2020-12-03,37.889999,40.279999,37.889999,39.400002,39.400002,1138900,37.27,2.3899999999999935,3.0099989999999934,0.619999,3.0099989999999934,2.4021428571428567,42.83157228571429,31.878570428571425,False,0,0,0,0,0,0,0,0,0,100,0,0,0,0,0,0,0,0,0,0,0,0,0,0,0,0,0,0,200,0,0,0,0,0,0,0,0,0,0,0,0,0,0,0,0,0,0,0,0,0,0,0,0,0,0,0,0,0,0,0,0
89,2020-12-04,39.529999,39.869999,38.540001,39.240002,39.240002,993100,39.400002,1.3299980000000033,0.46999699999999933,0.860001000000004,1.3299980000000033,2.4414281428571436,42.83157228571429,31.880715571428567,False,0,0,0,0,0,0,0,0,0,0,0,0,0,0,0,0,0,0,0,0,0,0,0,0,0,0,0,0,0,0,0,0,0,0,0,0,0,0,0,0,0,0,0,0,0,0,0,0,0,0,0,-100,0,0,0,0,0,0,0,0,0
90,2020-12-07,39.400002,40.689999,38.900002,39.470001,39.470001,903300,39.240002,1.7899969999999996,1.4499970000000033,0.3399999999999963,1.7899969999999996,2.3557135714285713,42.83157228571429,32.72785978571429,False,0,0,0,0,0,0,0,0,0,0,0,0,0,0,0,100,0,0,0,0,0,0,0,0,0,0,0,100,-100,0,0,0,0,0,0,0,0,100,0,0,0,0,0,0,0,0,100,0,0,0,0,100,0,0,0,0,0,0,0,0,0
91,2020-12-08,39.650002,42.759998,38.790001,42.650002,42.650002,1127200,39.470001,3.9699970000000064,3.2899969999999996,0.6800000000000068,3.9699970000000064,2.549998714285716,42.83157228571429,33.12500335714285,False,0,0,0,0,0,0,0,0,0,0,0,100,0,0,0,0,0,0,0,0,0,0,0,0,0,0,0,0,0,0,0,0,0,0,0,0,0,0,0,0,0,0,0,0,0,0,0,0,0,0,0,0,0,0,0,0,0,0,0,0,0
92,2020-12-09,42.650002,44.549999,42.110001,43.330002,43.330002,1862300,42.650002,2.4399980000000028,1.899996999999999,0.5400010000000037,2.4399980000000028,2.298569714285716,50.22570914285715,36.43429085714285,True,0,0,0,0,0,0,0,0,0,0,0,0,0,0,0,0,0,0,0,0,0,0,0,0,0,0,0,0,0,0,0,0,0,0,0,0,0,0,0,0,0,0,0,0,0,0,0,0,0,0,0,0,0,0,0,0,0,0,0,0,0
93,2020-12-10,41.889999,44.709999,41.810001,43.02,43.02,1008300,43.330002,2.8999980000000036,1.379997000000003,1.5200010000000006,2.8999980000000036,2.4571407142857162,50.631422142857154,36.43429085714285,True,0,0,0,0,0,0,0,0,0,0,0,0,0,0,0,0,0,0,0,0,0,0,0,0,0,0,0,0,0,0,0,0,0,0,0,0,0,0,0,0,0,0,0,0,0,0,0,0,0,0,0,0,0,0,0,0,0,0,0,0,0
94,2020-12-11,43.459999,48.48,42.200001,47.529999,47.529999,2567800,43.02,6.279998999999997,5.459999999999994,0.8199990000000028,6.279998999999997,3.102855142857144,54.64856592857143,36.43429085714285,True,0,0,0,0,0,0,0,0,0,0,0,0,0,0,0,0,0,0,0,0,0,0,0,0,0,0,0,0,0,0,0,0,0,0,0,0,0,0,0,0,0,0,0,0,0,0,0,0,0,0,0,0,0,0,0,0,0,0,0,0,0
95,2020-12-14,46.369999,47.080002,44.41,44.959999,44.959999,662500,47.529999,2.6700020000000038,0.4499969999999962,3.119999,3.119999,3.1185694285714303,55.100709285714295,36.43429085714285,True,0,0,0,0,0,0,0,0,0,0,0,0,0,0,0,0,0,0,0,0,0,0,0,0,0,-100,0,0,0,0,0,0,0,0,0,0,0,0,0,0,0,0,0,0,0,0,0,0,0,0,-100,0,0,0,0,0,0,0,0,0,0
96,2020-12-15,45.0,45.23,42.299999,44.77,44.77,828500,44.959999,2.930000999999997,0.2700009999999935,2.6600000000000037,2.930000999999997,3.3471412857142866,53.80642335714286,36.43429085714285,True,0,0,0,0,0,0,0,0,0,0,0,0,0,0,0,100,0,100,0,0,0,0,0,100,0,0,0,0,100,0,0,0,0,0,0,0,0,100,0,0,0,0,0,0,0,0,0,0,0,0,0,0,0,0,100,0,0,0,0,0,0
97,2020-12-16,44.41,44.580002,42.5,43.450001,43.450001,746800,44.77,2.0800020000000004,0.18999800000000278,2.270000000000003,2.270000000000003,3.415713142857144,53.78714042857143,36.43429085714285,True,0,0,0,0,0,0,0,0,0,0,0,0,0,0,0,0,0,0,0,0,0,0,0,0,0,0,0,0,0,0,0,0,0,0,0,0,0,0,0,0,0,0,0,0,0,0,0,0,0,0,0,0,0,0,0,0,0,0,0,0,0
98,2020-12-17,43.400002,46.080002,43.057999,46.080002,46.080002,783100,43.450001,3.022002999999998,2.630001,0.39200199999999796,3.022002999999998,3.2802854285714287,54.40985678571429,36.43429085714285,True,0,0,0,0,0,0,0,0,0,0,0,100,0,0,0,0,0,0,100,0,0,0,0,0,0,0,0,0,-100,0,0,0,0,0,0,0,0,0,100,0,0,0,0,0,0,0,0,0,0,0,0,0,0,0,0,0,0,0,0,0,0
99,2020-12-18,46.0,46.099998,44.220001,45.77,45.77,1081600,46.080002,1.879996999999996,0.019995999999999015,1.860000999999997,1.879996999999996,3.2002852857142847,54.76085535714285,36.43429085714285,True,0,0,0,0,0,0,0,0,0,0,0,0,0,0,0,100,0,100,0,0,0,0,0,0,-100,-100,-100,0,0,0,0,0,0,0,0,0,0,100,0,0,0,0,0,0,0,0,0,0,0,0,0,0,0,0,100,0,0,0,0,0,0
100,2020-12-21,44.450001,45.25,43.400002,43.970001,43.970001,934800,45.77,1.8499979999999994,0.5200000000000031,2.3699980000000025,2.3699980000000025,3.124570999999999,53.698713999999995,36.43429085714285,True,0,0,0,0,0,0,0,0,0,0,0,0,0,0,0,0,0,0,0,0,0,0,0,0,0,0,0,0,0,0,0,0,0,0,0,0,0,0,0,0,0,0,0,0,0,0,0,0,0,0,0,-100,0,0,0,0,0,0,0,0,0
101,2020-12-22,43.970001,45.18,43.146,44.380001,44.380001,850200,43.970001,2.033999999999999,1.2099989999999963,0.8240010000000026,2.033999999999999,2.517999714285714,51.71699914285714,36.60900085714285,True,0,0,0,0,0,0,0,0,0,0,0,0,0,0,0,0,0,0,0,0,0,0,0,0,0,0,0,0,0,0,0,0,0,0,0,0,0,0,0,0,0,0,0,0,0,0,0,0,0,0,0,100,0,0,0,0,0,0,0,0,0
102,2020-12-23,43.02,44.189999,39.220001,39.959999,39.959999,2655500,44.380001,4.969997999999997,0.19000199999999978,5.159999999999997,5.159999999999997,2.8094284285714273,50.13328528571428,36.60900085714285,True,0,0,0,0,0,0,0,0,0,0,0,0,0,0,0,0,0,0,0,0,0,0,0,0,0,0,0,0,0,0,0,0,0,0,0,0,0,0,0,0,0,0,0,0,0,0,0,0,0,0,0,0,0,0,0,0,0,0,0,0,0
103,2020-12-24,40.0,43.0,39.450001,42.419998,42.419998,1299800,39.959999,3.5499989999999997,3.0400009999999966,0.5099980000000031,3.5499989999999997,2.8979995714285707,49.91899921428571,36.60900085714285,True,0,0,0,0,0,0,0,0,0,0,0,0,0,0,0,0,0,0,0,0,0,0,0,0,0,0,0,0,0,0,0,0,0,0,0,0,0,0,100,0,0,0,0,0,0,0,0,0,0,0,0,0,0,0,0,0,0,0,0,0,0
104,2020-12-28,42.799999,42.950001,39.529999,39.93,39.93,1235100,42.419998,3.4200020000000038,0.5300030000000007,2.889999000000003,3.4200020000000038,3.062285571428571,50.426856714285705,36.60900085714285,True,0,0,0,0,0,0,0,0,0,-100,0,0,0,0,0,0,0,0,-100,0,0,0,0,0,0,0,0,0,0,0,0,0,0,0,0,0,0,0,-100,0,0,0,0,0,0,0,0,0,0,0,0,0,0,0,0,0,0,0,0,0,0
105,2020-12-29,39.810001,40.27,38.27,38.860001,38.860001,821500,39.93,2.0,0.3400000000000034,1.6599999999999966,2.0,2.9162851428571424,48.01885542857143,36.60900085714285,True,0,0,0,0,-100,0,0,0,0,0,0,0,0,0,0,0,0,0,0,0,0,0,0,0,0,0,0,0,100,0,0,0,0,0,0,0,0,0,0,0,0,0,0,0,0,0,0,0,0,0,-100,0,0,0,0,0,0,0,0,0,0
106,2020-12-30,39.490002,40.18,38.939999,39.060001,39.060001,311000,38.860001,1.2400009999999995,1.3199990000000028,0.07999800000000334,1.3199990000000028,2.836285428571429,48.06885578571429,36.60900085714285,True,0,0,0,0,0,0,0,0,0,0,0,0,0,0,0,0,0,0,0,0,0,0,0,0,0,0,0,0,0,0,0,0,0,0,0,0,0,0,0,0,0,0,0,0,0,0,0,0,0,0,0,0,0,0,0,0,0,0,0,0,0
107,2020-12-31,40.040001,40.040001,38.799999,39.560001,39.560001,675800,39.060001,1.240001999999997,0.9799999999999969,0.26000200000000007,1.240001999999997,2.6748574285714284,47.44457228571429,36.60900085714285,True,0,0,0,0,0,0,0,0,0,0,0,0,0,0,0,0,0,0,0,0,0,0,0,100,-100,0,0,0,100,0,0,0,0,0,0,0,0,0,0,0,0,0,0,0,0,0,0,0,0,0,0,0,0,0,0,0,0,0,0,0,0
108,2021-01-04,39.380001,40.060001,38.591999,39.779999,39.779999,1028400,39.560001,1.4680019999999985,0.5,0.9680019999999985,1.4680019999999985,2.594000571428571,47.10800171428571,36.60900085714285,True,0,0,0,0,0,0,0,0,0,0,0,0,0,0,0,0,0,0,0,0,0,0,0,0,0,0,0,0,0,0,0,0,0,0,0,0,0,0,0,0,0,0,0,0,0,0,0,0,0,0,0,0,0,0,0,0,0,0,0,0,0
109,2021-01-05,39.740002,43.73,38.82,42.09,42.09,1721100,39.779999,4.909999999999997,3.9500010000000003,0.9599989999999963,4.909999999999997,2.5582862857142854,48.94985885714286,36.60900085714285,True,0,0,0,0,0,0,0,0,0,0,0,0,0,0,0,0,0,0,0,0,0,0,0,0,0,0,0,0,200,0,0,0,0,0,0,0,0,0,0,0,0,0,0,0,0,0,0,0,0,0,0,0,0,0,0,0,0,0,0,0,0
110,2021-01-06,41.779999,45.0,40.77,43.52,43.52,1905300,42.09,4.229999999999997,2.9099999999999966,1.3200000000000003,4.229999999999997,2.655429285714285,50.85128785714286,36.60900085714285,True,0,0,0,0,0,0,0,0,0,0,0,0,0,0,0,0,0,0,0,0,0,0,0,0,0,0,0,0,0,0,0,0,0,0,0,0,0,0,0,0,0,0,0,0,0,0,0,0,0,0,0,0,0,0,0,0,0,0,0,0,0
111,2021-01-07,43.0,44.580002,42.02,43.009998,43.009998,1321100,43.52,2.5600019999999972,1.0600019999999972,1.5,2.5600019999999972,2.5325721428571413,50.897717428571426,36.60900085714285,True,0,0,0,0,0,0,0,0,0,0,0,0,0,0,0,100,0,0,0,0,0,0,0,0,0,-100,-100,100,0,0,0,0,0,0,0,0,0,100,0,0,0,0,0,0,0,0,100,0,0,0,0,100,0,0,0,0,0,0,0,0,0
112,2021-01-08,42.93,44.659,42.099998,43.619999,43.619999,1077400,43.009998,2.5590019999999996,1.6490019999999959,0.9100000000000037,2.5590019999999996,2.61242957142857,51.21678771428571,36.60900085714285,True,0,0,0,0,0,0,0,0,0,0,0,0,0,0,0,0,0,0,0,0,0,0,0,0,0,0,0,0,-100,0,0,0,0,0,0,0,0,0,0,0,0,0,0,0,0,0,0,0,0,0,0,100,0,0,0,0,0,0,0,0,0
113,2021-01-11,43.049999,43.75,42.150002,42.66,42.66,1332800,43.619999,1.5999979999999994,0.13000100000000003,1.4699969999999993,1.5999979999999994,2.6524294285714265,50.90728928571428,36.60900085714285,True,0,0,0,0,0,0,0,0,0,0,0,0,0,0,0,0,0,0,0,0,0,0,0,0,0,0,0,0,0,0,0,0,0,0,0,0,0,0,0,0,0,0,0,0,0,0,0,0,0,0,-100,-100,0,0,0,0,0,0,0,0,0
114,2021-01-12,43.0,43.040001,39.32,39.900002,39.900002,1419500,42.66,3.7200009999999963,0.38000100000000003,3.3399999999999963,3.7200009999999963,3.0067149999999976,50.20014549999999,36.60900085714285,True,0,0,0,0,0,0,0,0,0,-100,0,0,0,0,0,0,0,0,0,0,0,0,0,0,0,0,0,0,100,0,0,0,0,0,0,0,0,0,-100,0,0,0,0,0,0,0,0,0,0,0,0,0,0,0,0,0,0,0,0,0,0
115,2021-01-13,41.169998,41.169998,39.599998,39.709999,39.709999,1049200,39.900002,1.5700000000000003,1.269995999999999,0.30000400000000127,1.5700000000000003,3.0212861428571407,49.44885642857142,36.60900085714285,True,0,0,0,0,0,0,0,0,0,-100,0,-100,0,0,0,0,0,0,0,0,0,0,0,0,0,0,0,0,0,0,0,0,0,0,0,0,0,0,-100,-100,0,0,0,0,0,0,0,0,0,0,0,0,0,0,0,0,0,0,0,0,0
116,2021-01-14,40.02,40.689999,38.950001,39.080002,39.080002,628500,39.709999,1.739998,0.9799999999999969,0.7599980000000031,1.739998,2.5684287142857127,47.52528614285714,36.60900085714285,True,0,0,0,0,0,0,0,0,0,0,0,0,0,0,0,0,0,0,0,0,0,0,0,0,0,0,0,0,100,0,0,0,0,0,0,0,0,0,0,0,0,0,0,0,0,0,0,0,0,0,-100,0,0,0,0,0,0,0,0,0,0
117,2021-01-15,39.279999,39.514999,37.075001,37.139999,37.139999,1094300,39.080002,2.4399980000000028,0.43499700000000274,2.005001,2.4399980000000028,2.3127141428571423,45.233142428571426,36.60900085714285,True,0,0,0,0,0,0,0,0,0,-100,0,-100,0,0,0,0,0,0,0,0,0,0,0,0,0,0,0,0,0,0,0,0,0,0,0,0,0,0,-100,-100,0,0,0,0,0,0,0,0,0,0,0,0,0,0,0,0,0,0,0,0,0
118,2021-01-19,38.93,39.75,37.599998,39.07,39.07,1590400,37.139999,2.1500020000000006,2.610000999999997,0.45999899999999627,2.610000999999997,2.3198568571428564,45.63456957142857,36.60900085714285,True,0,0,0,0,0,0,0,0,0,0,0,0,0,0,0,100,0,0,0,0,0,0,0,0,0,100,100,100,0,0,0,0,0,0,0,0,0,100,0,0,0,0,0,0,0,0,100,0,0,0,0,100,0,0,0,0,0,0,0,0,0
119,2021-01-20,40.0,46.419998,39.400002,46.220001,46.220001,4466700,39.07,7.019995999999999,7.349997999999999,0.33000200000000035,7.349997999999999,3.0042848571428564,51.922854571428566,33.89714542857143,True,0,0,100,0,0,0,0,0,0,0,0,100,0,0,0,0,0,0,0,0,0,0,0,0,0,0,0,0,200,0,0,0,0,0,0,0,0,0,100,0,0,0,0,0,0,0,0,0,0,0,0,0,0,0,0,0,0,0,0,0,0
120,2021-01-21,44.799999,49.970001,44.119999,45.889999,45.889999,2766800,46.220001,5.8500020000000035,3.75,2.1000020000000035,5.8500020000000035,3.6114282857142856,57.879284857142856,36.21071514285715,True,0,0,0,0,0,0,0,0,0,0,0,0,0,0,0,0,0,0,0,0,0,0,0,0,0,-100,0,0,0,0,0,0,0,0,0,0,0,0,0,0,0,0,0,0,0,0,0,0,0,0,0,0,0,0,0,0,0,0,0,0,0
121,2021-01-22,45.659,47.169998,44.299999,46.380001,46.380001,1591300,45.889999,2.869999,1.2799989999999966,1.5900000000000034,2.869999,3.489999428571429,56.204996785714286,36.21071514285715,True,0,0,0,0,0,0,0,0,0,0,0,0,0,0,0,0,0,0,0,0,0,0,0,0,0,0,0,0,0,0,0,0,0,0,0,0,0,0,0,0,0,0,0,0,0,0,0,0,0,0,0,100,0,0,0,0,0,0,0,0,0
122,2021-01-25,49.700001,51.619999,45.400002,47.279999,47.279999,2879300,46.380001,6.219996999999999,5.239998,0.9799989999999994,6.219996999999999,4.154284714285715,60.97285464285714,36.21071514285715,True,0,0,0,0,0,0,0,0,0,0,0,0,0,0,0,0,0,0,0,0,0,0,0,0,0,0,0,0,-100,0,0,0,0,0,0,0,0,0,0,0,0,0,0,0,0,0,0,0,0,0,0,0,0,0,0,0,0,0,0,0,0
123,2021-01-26,49.52,56.32,47.549999,55.110001,55.110001,3441400,47.279999,8.770001,9.040001000000004,0.2700000000000031,9.040001000000004,5.197142285714286,67.52642635714287,36.34357264285714,True,0,0,0,0,0,0,0,0,0,0,0,0,0,0,0,0,0,0,0,0,0,0,0,0,0,0,0,0,0,0,0,0,0,0,0,0,0,0,0,0,0,0,0,0,0,0,0,0,0,0,0,0,0,0,0,0,0,0,0,0,0
124,2021-01-27,54.0,59.396999,50.52,54.220001,54.220001,2528600,55.110001,8.876998999999998,4.286998000000004,4.590000999999994,8.876998999999998,6.116713857142857,73.30864107142858,36.60835792857143,True,0,0,0,0,0,0,0,0,0,0,0,0,0,0,0,100,0,0,0,0,0,0,0,0,0,-100,-100,100,0,0,0,0,0,0,0,0,0,100,0,0,0,0,0,0,0,0,100,0,0,0,0,100,0,0,0,0,0,0,0,0,0
125,2021-01-28,56.240002,60.939999,55.0,55.035,55.035,1402300,54.220001,5.939999,6.719997999999997,0.7799989999999966,6.719997999999997,6.703856285714286,78.08156835714286,37.858430642857144,True,0,0,0,0,0,0,0,0,0,0,0,0,0,0,0,0,0,0,0,0,0,0,0,0,0,0,0,0,0,0,0,0,0,0,0,0,0,0,0,0,0,0,0,0,0,0,0,0,0,-100,0,0,0,0,0,0,0,0,0,0,0
126,2021-01-29,55.0,58.790001,54.5,56.490002,56.490002,1167900,55.035,4.290000999999997,3.755001,0.5349999999999966,4.290000999999997,6.2667138571428564,75.44514207142856,37.858430642857144,True,0,0,0,0,0,0,0,0,0,0,0,0,0,0,0,0,0,0,100,0,0,0,0,0,0,0,0,0,0,0,0,0,0,0,0,0,0,0,0,0,0,0,0,0,0,0,0,0,0,0,0,0,0,0,0,0,0,0,0,0,0
127,2021-02-01,72.080002,81.480003,68.010002,73.599998,73.599998,8262600,56.490002,13.470000999999996,24.990001,11.520000000000003,24.990001,9.000999428571427,101.74800078571428,47.742004214285714,True,0,0,0,0,100,0,0,0,0,0,0,0,0,0,0,0,0,0,0,0,0,0,0,0,0,0,0,100,0,0,0,0,0,0,0,0,0,0,0,0,0,0,0,0,0,0,0,0,0,0,0,100,0,0,0,0,0,0,0,0,0
128,2021-02-02,80.0,83.610001,73.089996,74.870003,74.870003,3397300,73.599998,10.520004999999998,10.010002999999998,0.5100020000000001,10.520004999999998,10.093857428571427,108.63157078571427,48.068426214285715,True,0,0,0,0,0,0,0,0,0,0,0,0,0,0,0,0,0,0,0,0,0,0,0,0,0,0,0,0,0,0,0,0,0,0,0,0,0,0,0,0,0,0,0,0,0,0,0,0,0,0,0,0,0,0,0,0,0,0,0,0,0
129,2021-02-03,78.0,91.525002,76.709999,90.769997,90.769997,3373000,74.870003,14.815003000000004,16.654999000000004,1.8399959999999993,16.654999000000004,11.584572,118.8712165,49.36378450000001,True,0,0,0,0,0,0,0,0,0,0,0,0,0,0,0,0,0,0,0,0,0,0,0,0,0,0,0,0,0,0,0,0,0,0,0,0,0,0,100,0,0,0,0,0,0,0,0,0,0,0,0,0,0,0,0,0,0,0,0,0,0
130,2021-02-04,93.489998,93.999001,81.800003,88.169998,88.169998,2744600,90.769997,12.198998000000003,3.2290040000000033,8.969994,12.198998000000003,12.035857285714284,124.00707385714287,51.79193014285716,True,0,0,0,0,0,0,0,0,0,-100,0,0,0,0,0,0,0,0,0,0,0,0,0,0,0,0,0,0,0,0,0,0,0,0,0,0,0,0,0,0,0,0,0,0,0,0,0,0,0,0,0,0,0,0,0,0,0,0,0,0,0
131,2021-02-05,87.190002,99.129997,84.400002,99.0,99.0,2690000,88.169998,14.729995000000002,10.959998999999996,3.769996000000006,14.729995000000002,12.87199957142857,130.3809982142857,53.14900078571429,True,0,0,0,0,0,0,0,0,0,0,0,100,0,0,0,0,0,0,100,0,0,0,0,0,0,0,0,0,0,0,0,0,0,0,0,0,0,0,0,0,0,0,0,0,0,0,0,0,0,0,0,0,0,0,0,0,0,0,0,0,0
132,2021-02-08,103.0,108.980003,96.589996,98.720001,98.720001,3638700,99.0,12.390006999999997,9.980002999999996,2.4100040000000007,12.390006999999997,13.682000857142857,143.83100207142857,61.738996928571424,True,0,0,0,0,0,0,0,0,0,0,0,0,0,0,0,0,0,0,0,0,0,0,0,0,0,0,0,0,0,0,0,0,0,0,0,0,0,0,0,0,0,0,0,0,0,0,0,0,0,0,0,0,0,0,0,0,0,0,0,0,0
133,2021-02-09,99.139999,101.809998,92.349998,98.489998,98.489998,2388400,98.720001,9.459999999999994,3.0899969999999968,6.370002999999997,9.459999999999994,14.420572142857141,140.3417144285714,61.738996928571424,True,0,0,0,0,0,0,0,0,0,0,0,0,0,0,0,100,0,0,0,0,0,0,0,0,0,0,0,-100,0,0,0,0,0,0,0,0,0,100,0,0,100,0,0,0,0,0,100,0,0,0,0,-100,0,0,0,0,0,0,0,0,0
134,2021-02-10,100.0,100.050003,84.190002,93.470001,93.470001,2405500,98.489998,15.860000999999997,1.5600050000000039,14.299995999999993,15.860000999999997,13.116286428571428,131.4688617857143,61.738996928571424,True,0,0,0,0,0,0,0,0,0,-100,0,0,0,0,0,0,0,0,0,0,0,0,0,0,0,0,0,0,0,0,0,0,0,0,0,0,0,0,0,0,0,0,0,0,0,0,0,0,0,0,0,0,0,0,0,0,0,0,0,0,0
135,2021-02-11,91.730003,98.599998,90.599998,97.860001,97.860001,1149900,93.470001,8.0,5.129997000000003,2.870002999999997,8.0,12.756285714285713,132.86885514285714,61.738996928571424,True,0,0,0,0,0,0,0,0,0,100,0,100,0,0,0,0,0,0,0,0,0,0,0,0,0,0,0,0,0,0,0,0,0,0,0,0,0,0,100,100,0,0,0,0,0,0,0,0,0,0,0,0,0,0,0,0,0,0,0,0,0
136,2021-02-12,95.779999,107.494003,95.529999,106.139999,106.139999,1188500,97.860001,11.964004000000003,9.63400200000001,2.3300019999999932,11.964004000000003,12.08614357142857,137.7704317142857,65.25357028571429,True,0,0,0,0,0,0,0,0,0,100,0,0,0,0,0,0,0,0,0,0,0,0,0,0,0,0,0,0,-100,0,0,0,0,0,0,0,0,0,100,0,0,0,0,0,0,0,0,0,0,0,0,0,0,0,0,0,0,0,0,0,0
137,2021-02-16,111.5,114.964996,99.519997,102.059998,102.059998,1524200,106.139999,15.444998999999996,8.824996999999996,6.6200019999999995,15.444998999999996,12.549857999999999,144.8920705,69.59292250000001,True,0,0,0,0,0,0,0,0,0,0,0,0,0,0,0,0,0,0,0,0,0,0,0,0,0,0,0,0,0,0,0,0,0,0,0,0,0,0,0,0,0,0,0,0,0,0,0,0,0,0,0,0,0,0,0,0,0,0,0,0,0
138,2021-02-17,97.239998,100.040001,94.43,98.620003,98.620003,1271900,102.059998,5.610000999999997,2.0199969999999894,7.629997999999986,7.629997999999986,11.53557271428571,131.84171864285713,69.59292250000001,True,0,0,0,0,0,0,0,0,0,0,0,0,0,0,0,0,0,0,0,0,0,0,0,0,0,0,0,0,0,0,0,0,0,0,0,0,0,0,0,0,0,0,0,0,0,0,0,0,0,0,0,100,0,0,0,0,0,0,0,0,0
139,2021-02-18,92.080002,94.800003,90.0,92.540001,92.540001,1493400,98.620003,4.800003000000004,3.819999999999993,8.620002999999997,8.620002999999997,10.99700071428571,125.39100364285713,69.59292250000001,True,0,0,0,0,0,0,0,0,0,0,0,0,0,0,0,100,0,0,0,0,0,0,0,0,0,0,0,100,0,0,0,0,0,0,0,0,0,100,0,0,0,0,0,0,0,0,100,0,0,0,100,100,0,0,0,0,0,0,0,0,0
140,2021-02-19,96.0,99.400002,93.839996,98.080002,98.080002,1792900,92.540001,5.560006000000001,6.860000999999997,1.2999949999999956,6.860000999999997,10.625572285714282,128.49671585714285,69.59292250000001,True,0,0,0,0,0,0,0,0,0,0,0,0,0,0,0,0,0,0,0,0,0,0,0,0,0,0,0,0,0,0,0,0,0,0,0,0,0,0,0,0,0,0,0,0,0,0,0,0,0,0,100,0,0,0,0,0,0,0,0,0,0
141,2021-02-22,91.040001,91.535004,78.010002,78.949997,78.949997,2810600,98.080002,13.525002,6.5449979999999925,20.069999999999993,20.069999999999993,11.22700071428571,118.45350514285713,69.59292250000001,True,0,0,0,0,0,0,0,0,0,-100,0,-100,0,0,0,0,0,0,0,0,0,0,0,0,0,0,0,0,0,0,0,0,0,0,0,0,0,0,-100,-100,0,0,0,0,0,0,0,0,0,0,0,0,0,0,0,0,0,0,0,0,0
142,2021-02-23,68.010002,76.440002,63.639999,73.230003,73.230003,3957600,78.949997,12.800003000000004,2.5099949999999893,15.309997999999993,15.309997999999993,12.271286142857138,106.85385892857141,69.59292250000001,True,0,0,0,0,0,0,0,0,0,0,0,0,0,0,0,0,0,0,0,0,0,0,0,0,0,0,0,0,0,0,0,0,0,0,0,0,0,0,0,0,0,0,0,0,0,0,0,0,0,0,0,0,0,0,0,0,0,0,0,0,0
143,2021-02-24,71.973,75.440002,69.099998,69.919998,69.919998,2051800,73.230003,6.3400040000000075,2.2099990000000105,4.130004999999997,6.3400040000000075,11.467857571428567,106.67357271428571,69.59292250000001,True,0,0,0,0,0,0,0,0,0,0,0,0,0,0,0,0,0,0,0,0,0,0,0,0,0,0,0,0,0,0,0,0,0,0,0,0,0,0,0,0,0,0,0,0,0,0,0,0,0,0,0,0,0,0,0,0,0,0,0,0,0
144,2021-02-25,68.0,71.0,61.220001,62.98,62.98,2651600,69.919998,9.779998999999997,1.0800019999999932,8.699997000000003,9.779998999999997,10.658571857142855,98.08571607142856,34.13428492857143,False,0,0,0,0,0,0,0,0,0,0,0,0,0,0,0,0,0,0,0,0,0,0,0,0,0,0,0,0,100,0,0,0,0,0,0,0,0,0,0,0,0,0,0,0,0,0,0,0,0,0,0,0,0,0,0,0,0,0,0,0,0
145,2021-02-26,63.75,64.897003,57.27,60.869999,60.869999,2165400,62.98,7.627002999999995,1.9170030000000011,5.709999999999994,7.627002999999995,10.658143999999997,93.05793349999999,29.109069500000007,False,0,0,0,0,0,0,0,0,0,0,0,0,0,0,0,0,0,0,0,0,0,0,0,0,0,0,0,0,0,0,0,0,0,0,0,0,0,0,0,0,0,0,0,0,0,0,0,0,0,0,0,0,0,0,0,0,0,0,0,0,0
146,2021-03-01,63.313999,73.0,63.139999,65.93,65.93,2094800,60.869999,9.860000999999997,12.130001,2.270000000000003,12.130001,11.159572285714281,93.05793349999999,34.59128264285715,False,0,0,0,0,0,0,0,0,0,0,0,0,0,0,0,0,0,0,0,0,0,0,0,0,0,0,0,0,0,0,0,0,0,0,0,0,0,0,0,0,0,0,0,0,0,0,0,0,0,0,0,0,0,0,0,0,0,0,0,0,0
147,2021-03-02,66.889999,67.565002,60.110001,60.700001,60.700001,1317400,65.93,7.45500100000001,1.635002,5.81999900000001,7.45500100000001,11.244572285714286,93.05793349999999,30.103784642857143,False,0,0,0,0,0,0,0,0,0,-100,0,-100,0,0,0,0,0,0,-100,0,0,0,0,0,0,0,0,0,0,0,0,0,0,0,0,0,0,0,-100,-100,0,0,0,0,0,0,0,0,0,0,0,0,0,100,0,0,0,0,0,0,0
148,2021-03-03,61.990002,65.230003,60.700001,61.639999,61.639999,2480600,60.700001,4.530001999999996,4.530001999999996,0.0,4.530001999999996,9.024572571428571,90.03871971428572,35.891284285714285,False,0,0,0,0,0,0,0,0,0,0,0,0,0,0,0,100,0,0,0,0,0,0,0,0,0,100,100,-100,0,0,100,0,0,0,0,0,0,100,0,0,0,0,0,0,0,0,100,0,0,0,0,-100,0,0,0,0,0,0,0,0,0
149,2021-03-04,60.0,62.290001,55.130001,59.799999,59.799999,2387000,61.639999,7.159999999999997,0.6500019999999935,6.509998000000003,7.159999999999997,7.8602871428571435,82.29086242857143,35.12913957142857,False,0,0,0,0,0,0,0,0,0,0,0,0,0,0,0,100,0,0,0,0,0,0,0,0,0,0,0,-100,100,0,0,0,0,0,0,0,0,100,0,0,0,0,0,0,0,0,100,0,0,0,0,-100,0,0,0,0,0,0,0,0,0
150,2021-03-05,60.799999,61.32,50.709999,57.639999,57.639999,1942500,59.799999,10.610000999999997,1.5200010000000006,9.089999999999996,10.610000999999997,8.470286714285713,81.42585964285715,30.604139357142863,False,0,0,0,0,0,0,0,0,0,0,0,0,0,0,0,0,0,0,0,0,0,0,0,0,0,0,0,0,0,0,0,0,0,0,0,0,0,0,0,0,0,0,0,0,0,0,0,0,0,0,0,0,0,0,0,0,0,0,0,0,0
151,2021-03-08,55.419998,58.639999,51.865002,52.369999,52.369999,1183900,57.639999,6.774997000000006,1.0,5.774997000000006,6.774997000000006,8.041000714285714,79.37550264285713,31.129498357142857,False,0,0,0,0,0,0,0,0,0,0,0,0,0,0,0,0,0,0,0,0,0,0,0,0,0,0,0,0,0,0,0,0,0,100,0,0,0,0,0,0,0,0,0,0,0,0,0,0,0,0,0,0,0,0,0,0,0,0,0,0,0
152,2021-03-09,56.02,61.389999,55.490002,59.599998,59.599998,1285700,52.369999,5.899997000000006,9.020000000000003,3.120002999999997,9.020000000000003,8.240000285714286,79.37550264285713,33.71999964285714,False,0,0,0,0,0,0,0,0,0,100,0,0,0,0,0,0,0,0,0,0,0,0,0,0,0,0,0,0,-100,0,0,0,0,0,0,0,0,0,100,0,0,0,0,0,0,0,0,0,0,0,0,0,0,0,0,0,0,0,0,0,0
153,2021-03-10,61.990002,63.310001,57.761002,59.029999,59.029999,855300,59.599998,5.548999000000002,3.7100030000000004,1.8389960000000016,5.548999000000002,7.299857142857144,79.37550264285713,38.63593007142856,False,0,0,0,0,0,0,0,0,0,0,0,0,0,0,0,0,0,0,0,0,0,0,0,0,0,0,0,0,0,0,0,0,0,0,0,0,0,0,-100,0,0,0,0,0,0,0,0,0,0,0,0,0,0,0,0,0,0,0,0,0,0
154,2021-03-11,62.52,65.800003,61.0,63.779999,63.779999,1141100,59.029999,4.800003000000004,6.770004000000007,1.9700010000000034,6.770004000000007,7.20200042857143,79.37550264285713,41.79400021428572,False,0,0,0,0,0,0,0,0,0,0,0,0,0,0,0,0,0,0,0,0,0,0,0,0,0,0,0,0,0,0,0,0,0,0,0,0,0,0,0,0,0,0,0,0,0,0,0,0,0,0,100,100,0,0,0,0,0,0,0,0,0
155,2021-03-12,62.259998,66.209999,60.400002,65.389999,65.389999,924700,63.779999,5.809996999999996,2.4299999999999997,3.379996999999996,5.809996999999996,7.384856857142858,79.37550264285713,41.15042992857143,False,0,0,0,0,0,0,0,0,0,0,0,0,0,0,0,0,0,0,0,0,0,0,0,0,0,0,0,0,0,0,0,0,0,0,0,0,0,0,100,0,0,0,0,0,0,0,0,0,0,0,0,0,0,0,0,0,0,0,0,0,0
156,2021-03-15,65.330002,68.0,63.380001,67.43,67.43,743800,65.389999,4.619999,2.610000999999997,2.009998000000003,4.619999,7.021999571428573,79.37550264285713,44.62400178571428,False,0,0,0,0,0,0,0,0,0,0,0,0,0,0,0,0,0,0,0,0,0,0,0,0,0,0,0,0,0,0,0,0,0,0,0,0,0,0,0,0,0,0,0,0,0,0,0,0,0,0,100,0,0,0,0,0,0,0,0,0,0
157,2021-03-16,66.07,67.68,60.029999,62.32,62.32,1300900,67.43,7.65000100000001,0.25,7.40000100000001,7.65000100000001,6.599142428571432,79.37550264285713,44.05757221428571,False,0,0,0,0,0,0,0,0,0,0,0,0,0,0,0,0,0,0,0,0,0,0,0,0,0,0,0,0,0,0,0,0,0,0,0,0,0,0,0,0,0,0,0,0,0,0,0,0,0,0,0,0,0,0,0,0,0,0,0,0,0
158,2021-03-17,60.0,60.830002,57.84,59.630001,59.630001,1189600,62.32,2.990001999999997,1.489998,4.479999999999997,4.479999999999997,6.271285714285717,78.14885814285715,40.52114385714286,False,0,0,0,0,0,0,0,0,0,0,0,0,0,0,0,100,100,0,0,0,0,0,0,0,0,0,0,-100,0,0,0,0,0,0,0,0,0,100,0,0,0,0,0,0,0,0,100,0,0,0,-100,-100,0,0,0,0,0,0,0,0,0
159,2021-03-18,58.200001,59.0,55.889999,56.43,56.43,877500,59.630001,3.110000999999997,0.630001,3.740001999999997,3.740001999999997,5.517000285714287,73.99600035714286,40.89399864285714,False,0,0,0,0,0,0,0,0,0,0,0,0,0,0,0,0,0,0,0,0,0,0,0,0,0,0,0,0,0,0,0,0,0,0,0,0,0,0,0,0,0,0,0,0,0,0,0,0,0,0,-100,0,0,0,0,0,0,0,0,0,0
160,2021-03-19,56.380001,58.459999,55.650002,57.689999,57.689999,632200,56.43,2.8099970000000027,2.0299990000000037,0.7799979999999991,2.8099970000000027,5.125714285714287,72.43214335714286,41.67785764285715,False,0,0,0,0,0,0,0,0,0,0,0,0,0,0,0,0,0,0,0,0,0,0,0,0,0,0,0,0,0,0,0,0,0,0,0,0,0,0,0,0,0,0,0,0,0,0,0,0,0,0,100,0,0,0,0,0,0,0,0,0,0
161,2021-03-22,58.349998,60.959999,57.98,59.16,59.16,531300,57.689999,2.9799990000000065,3.270000000000003,0.2900009999999966,3.270000000000003,4.625713714285715,72.43214335714286,45.59285835714286,False,0,0,0,0,0,0,0,0,0,0,0,0,0,0,0,0,0,0,0,0,0,0,0,0,0,0,0,0,0,0,0,0,0,0,0,0,0,0,0,0,0,0,0,0,0,0,0,0,0,-100,0,0,0,0,0,0,0,0,0,0,0
162,2021-03-23,59.119999,60.299,58.169998,60.09,60.09,841000,59.16,2.129002,1.139000000000003,0.9900019999999969,2.129002,4.099857285714287,71.53407085714286,46.934927142857134,False,0,0,0,0,0,0,0,0,0,0,0,0,0,0,0,0,0,0,0,0,0,0,0,0,0,0,0,0,0,0,0,0,0,0,0,0,0,0,0,0,0,0,0,0,0,0,0,0,0,0,100,0,0,0,0,0,0,0,0,0,0
163,2021-03-24,59.389999,59.98,51.595001,52.439999,52.439999,3556100,60.09,8.384998999999993,0.11000000000000654,8.494999,8.494999,4.653428714285716,69.74778664285715,41.82721435714285,False,0,0,0,0,0,0,0,0,0,0,0,0,0,0,0,0,0,0,0,0,0,0,0,0,0,0,0,0,100,0,0,0,0,0,0,0,0,0,-100,0,0,0,0,0,0,0,0,0,0,0,0,0,0,0,0,0,0,0,0,0,0
164,2021-03-25,51.273998,54.584999,50.759998,53.209999,53.209999,726800,52.439999,3.8250010000000003,2.145000000000003,1.6800009999999972,3.8250010000000003,4.107000142857143,64.99349892857143,40.35149807142857,False,0,0,0,0,0,0,0,0,0,0,0,0,0,0,0,0,0,0,0,0,0,0,0,0,0,0,0,0,0,0,0,0,0,0,0,0,0,0,0,0,0,0,0,0,0,0,0,0,0,0,0,0,0,0,0,0,-100,0,0,0,0
165,2021-03-26,52.990002,54.990002,47.810001,51.400002,51.400002,1050500,53.209999,7.180000999999997,1.7800029999999936,5.399998000000004,7.180000999999997,4.4927145714285714,64.87814521428572,37.92185778571429,False,0,0,0,0,0,0,0,0,0,0,0,0,0,0,0,0,0,0,0,0,0,0,0,0,0,0,0,0,0,0,0,0,0,0,0,0,0,0,0,0,0,0,0,0,0,0,0,0,0,0,0,-100,0,0,0,0,0,0,0,0,0
166,2021-03-29,50.689999,51.169998,45.68,46.27,46.27,1413100,51.400002,5.489998,0.23000400000000099,5.720002000000001,5.720002000000001,4.775571714285715,62.751714142857146,34.09828385714285,False,0,0,0,0,0,0,0,0,0,0,0,0,0,0,0,0,0,0,0,0,0,0,0,0,0,0,0,0,0,0,0,0,0,0,0,0,0,0,-100,0,0,0,0,0,0,0,0,0,0,0,0,0,0,0,0,0,0,0,0,0,0
167,2021-03-30,45.720001,50.93,45.099998,50.610001,50.610001,1304500,46.27,5.830002,4.659999999999997,1.1700020000000038,5.830002,5.207001,62.751714142857146,32.393996,False,0,0,0,0,0,0,0,0,0,0,0,100,0,0,0,0,0,0,0,0,0,0,0,0,0,0,0,0,0,0,0,0,0,0,0,0,0,0,100,0,0,0,0,0,0,0,0,0,0,0,0,0,0,0,0,0,0,0,0,0,0
168,2021-03-31,52.0,52.0,49.84,50.27,50.27,1153000,50.610001,2.1599999999999966,1.389999000000003,0.7700009999999935,2.1599999999999966,5.048429571428571,62.751714142857146,35.77471128571429,False,0,0,0,0,0,0,0,0,0,0,0,0,0,0,0,0,0,0,0,0,0,0,0,0,0,0,0,0,0,0,0,0,0,0,0,0,0,0,0,0,0,0,0,0,0,0,0,0,0,0,-100,0,0,0,0,0,0,0,0,0,0
169,2021-04-01,52.700001,54.330002,52.110001,53.720001,53.720001,890300,50.27,2.2200010000000034,4.060001999999997,1.8400009999999938,4.060001999999997,5.324286714285713,62.751714142857146,37.24714135714285,False,0,0,0,0,0,0,0,0,0,0,0,0,0,0,0,0,0,0,0,0,0,0,0,0,0,0,0,0,0,0,0,0,0,0,0,0,0,0,0,0,0,0,0,0,0,0,0,0,0,0,100,0,0,0,0,0,0,0,0,0,0
170,2021-04-05,54.200001,54.821999,51.23,51.450001,51.450001,484600,53.720001,3.5919990000000013,1.1019979999999947,2.4900010000000066,3.5919990000000013,4.623858142857142,62.751714142857146,39.15442507142857,False,0,0,0,0,0,0,0,0,0,0,0,-100,0,0,0,0,0,0,-100,0,0,0,0,0,0,0,0,0,0,0,0,0,0,0,0,0,0,0,-100,0,0,0,0,0,0,0,0,0,0,0,0,0,0,0,0,0,0,0,0,0,0
171,2021-04-06,51.259998,55.700001,50.605,54.299999,54.299999,619200,51.450001,5.095001000000003,4.25,0.8450010000000034,5.095001000000003,4.805286714285714,62.751714142857146,38.73664035714286,False,0,0,0,0,0,0,0,0,0,0,0,0,0,0,0,0,0,0,100,0,0,0,0,0,0,0,0,0,0,0,0,0,0,0,0,0,0,0,0,0,0,0,0,0,0,0,0,0,0,0,0,0,0,0,0,0,0,0,0,0,0
172,2021-04-07,54.849998,54.959999,52.439999,53.189999,53.189999,878700,54.299999,2.520000000000003,0.6600000000000037,1.8599999999999994,2.520000000000003,4.139572285714286,62.751714142857146,41.28128214285715,False,0,0,0,0,0,0,0,0,0,0,0,0,0,0,0,0,0,0,0,0,0,0,0,0,0,0,0,0,0,0,0,0,0,0,0,0,0,0,0,0,0,0,0,0,0,0,0,0,0,0,-100,0,0,0,0,0,0,0,0,0,0
173,2021-04-08,54.610001,57.310001,53.799999,56.869999,56.869999,1011100,53.189999,3.510002,4.1200019999999995,0.6099999999999994,4.1200019999999995,3.911000857142857,62.751714142857146,43.82199742857143,False,0,0,0,0,0,0,0,0,0,0,0,0,0,0,0,0,0,0,0,0,0,0,0,0,0,0,0,0,-100,0,0,0,0,0,0,0,0,0,0,0,0,0,0,0,0,0,0,0,0,0,100,0,0,0,0,0,0,0,0,0,0
174,2021-04-09,56.0,56.970001,54.299999,56.490002,56.490002,500300,56.869999,2.6700020000000038,0.10000200000000348,2.5700000000000003,2.6700020000000038,3.4595722857142865,62.751714142857146,45.25628314285714,False,0,0,0,0,0,0,0,0,0,0,0,0,0,0,0,0,0,0,0,0,0,0,0,0,0,0,0,0,0,0,0,0,0,0,0,0,0,0,0,0,0,0,0,0,0,0,0,0,0,0,0,0,0,0,0,0,0,0,0,0,0
175,2021-04-12,55.330002,55.990002,53.5,55.060001,55.060001,430200,56.490002,2.490001999999997,0.5,2.990001999999997,2.990001999999997,3.578144000000001,62.751714142857146,44.010569000000004,False,0,0,0,0,0,0,0,0,0,0,0,0,0,0,0,100,0,0,0,0,0,0,0,0,0,0,0,-100,100,0,0,0,0,0,0,0,0,100,0,0,0,0,0,0,0,0,100,0,0,0,0,-100,0,0,0,0,0,0,0,0,0
176,2021-04-13,53.639999,58.849998,53.639999,55.52,55.52,714800,55.060001,5.209998999999996,3.7899969999999996,1.4200019999999967,5.209998999999996,3.7424292857142865,62.751714142857146,45.01771064285714,False,0,0,0,0,0,0,0,0,0,0,0,0,0,0,0,0,0,0,100,0,0,0,0,0,0,0,0,0,0,0,0,0,0,0,0,0,0,0,0,0,0,0,0,0,0,0,0,0,0,0,0,0,0,0,0,0,0,0,0,0,0
177,2021-04-14,55.5,59.349998,55.279999,55.869999,55.869999,648000,55.52,4.069999000000003,3.8299979999999962,0.24000100000000657,4.069999000000003,3.810715000000001,62.751714142857146,45.882853499999996,False,0,0,0,0,100,0,0,0,0,0,0,0,0,0,0,0,0,0,0,0,0,0,0,0,0,0,0,0,0,0,0,0,0,0,0,0,0,0,0,0,0,0,0,0,0,0,0,0,0,0,0,0,0,0,0,0,0,0,0,0,0
178,2021-04-15,56.310001,57.73,54.07,56.650002,56.650002,993300,55.869999,3.6599999999999966,1.860000999999997,1.7999989999999997,3.6599999999999966,3.605714857142857,62.751714142857146,45.08285542857143,False,0,0,0,0,0,0,0,0,0,0,0,0,0,0,0,0,0,0,0,0,0,0,0,0,0,0,0,100,0,0,0,0,0,0,0,0,0,0,0,0,0,0,0,0,0,0,0,0,0,0,0,100,0,0,0,0,0,0,0,0,0
179,2021-04-16,56.939999,57.66,54.279999,56.73,56.73,429800,56.650002,3.380001,1.009997999999996,2.370003000000004,3.380001,3.7285721428571423,62.751714142857146,44.784283071428575,False,0,0,0,0,0,0,0,0,0,0,0,0,0,0,0,100,0,0,0,0,0,0,0,0,0,0,0,-100,0,0,0,0,0,0,0,0,0,100,0,0,0,0,0,0,0,0,0,0,0,0,0,-100,0,0,0,0,0,0,0,0,0
180,2021-04-19,56.549999,56.952,54.415001,55.220001,55.220001,495200,56.73,2.5369990000000016,0.2220000000000013,2.3149990000000003,2.5369990000000016,3.502428857142857,62.751714142857146,45.17621392857142,False,0,0,0,0,0,0,0,0,0,0,0,0,0,0,0,0,0,0,0,0,0,0,0,0,0,0,0,0,0,0,0,0,0,0,0,0,0,0,-100,0,0,0,0,0,0,0,0,0,0,0,0,0,0,0,0,0,0,0,0,0,0
181,2021-04-20,54.939999,56.0,52.529999,54.299999,54.299999,554300,55.220001,3.4700010000000034,0.7799989999999966,2.690002000000007,3.4700010000000034,3.616714428571428,62.751714142857146,43.41485621428572,False,0,0,0,0,0,0,0,0,0,0,0,0,0,0,0,0,0,0,0,0,0,0,0,0,0,0,0,0,100,0,0,0,0,0,0,0,0,0,0,0,0,0,0,0,0,0,0,0,0,0,0,-100,0,0,0,0,0,0,0,0,0
182,2021-04-21,53.950001,57.279999,52.950001,56.889999,56.889999,339300,54.299999,4.329997999999996,2.979999999999997,1.3499979999999994,4.329997999999996,3.8081424285714283,62.751714142857146,43.69057271428571,False,0,0,0,0,0,0,0,0,0,0,0,0,0,0,0,0,0,0,100,0,0,0,0,0,0,0,0,0,0,0,0,0,0,0,0,0,0,0,100,0,0,0,0,100,0,0,0,0,0,0,0,0,0,0,0,0,0,0,0,0,0
183,2021-04-22,56.889999,61.41,56.720001,57.84,57.84,599800,56.889999,4.689998999999993,4.5200009999999935,0.16999799999999965,4.689998999999993,3.7338567142857135,62.751714142857146,47.86343035714286,False,0,0,0,0,100,0,0,0,0,0,0,0,0,0,0,0,0,0,0,0,0,0,0,0,0,0,0,0,200,0,0,0,0,0,0,0,0,0,0,0,0,0,0,0,0,0,0,0,0,0,0,0,0,0,0,0,0,0,0,0,0
184,2021-04-23,57.849998,61.290001,57.540001,59.799999,59.799999,440100,57.84,3.75,3.450000999999993,0.2999990000000068,3.75,3.6881425714285703,62.751714142857146,48.35057328571429,False,0,0,0,0,0,0,0,0,0,100,0,0,0,0,0,0,0,0,0,0,0,0,0,0,0,0,0,0,0,0,0,0,0,0,0,0,0,0,0,0,0,0,0,0,0,0,0,0,0,0,0,0,0,0,0,0,0,0,0,0,0
185,2021-04-26,59.59,59.830002,57.07,59.369999,59.369999,632400,59.799999,2.760002,0.030003000000000668,2.7299989999999994,2.760002,3.5595714285714277,62.751714142857146,47.771286714285715,False,0,0,0,0,0,0,0,0,0,0,0,0,0,0,0,100,0,100,0,0,0,0,0,0,0,-100,-100,0,100,0,0,0,0,0,0,0,0,100,0,0,0,0,0,0,0,0,0,0,0,0,0,-100,0,0,100,0,0,0,0,0,0
186,2021-04-27,59.0,60.860001,54.869999,55.360001,55.360001,1078100,59.369999,5.990001999999997,1.490001999999997,4.5,5.990001999999997,3.932428714285713,62.751714142857146,46.067713857142856,False,0,0,-100,0,0,0,0,0,0,0,0,0,0,0,0,0,0,0,0,0,0,0,0,0,0,0,0,0,0,0,0,0,0,0,0,0,0,0,0,0,0,0,0,0,0,0,0,0,0,0,0,0,0,0,0,0,0,0,0,0,0
187,2021-04-28,54.66,55.709999,53.380001,54.540001,54.540001,816700,55.360001,2.3299980000000033,0.34999800000000647,1.9799999999999969,2.3299980000000033,3.9028571428571417,62.751714142857146,42.83642857142858,False,0,0,0,0,0,0,0,0,0,0,0,0,0,0,0,100,100,0,0,0,0,0,0,0,0,0,0,-100,0,0,0,0,0,0,0,0,0,100,0,0,0,0,0,0,0,0,100,0,0,0,-100,-100,0,0,0,0,0,0,0,0,0
188,2021-04-29,55.009998,55.099998,50.5,50.82,50.82,1136600,54.540001,4.599997999999999,0.5599970000000027,4.040000999999997,4.599997999999999,4.064285285714284,62.751714142857146,40.60714314285715,False,0,0,0,0,0,0,0,0,0,-100,0,-100,0,0,0,0,0,0,0,0,0,0,0,0,0,0,0,0,0,0,0,0,0,0,0,0,0,0,-100,-100,0,0,0,0,0,0,0,0,0,0,0,0,0,0,0,0,0,0,0,0,0
189,2021-04-30,50.5,51.419998,48.52,48.610001,48.610001,681200,50.82,2.8999979999999965,0.5999979999999994,2.299999999999997,2.8999979999999965,3.85999957142857,61.54999771428571,38.390000285714294,False,0,0,0,0,0,0,0,0,0,0,0,-100,0,0,0,0,0,0,0,0,0,0,0,0,0,0,0,0,0,0,0,0,0,0,0,0,0,0,-100,0,0,0,0,0,0,0,0,0,0,0,0,0,0,0,0,0,0,0,0,0,0
190,2021-05-03,48.759998,50.139999,48.0,48.709999,48.709999,570900,48.610001,2.139999000000003,1.5299980000000062,0.6100009999999969,2.139999000000003,3.495713857142857,59.557141071428575,38.58285792857143,False,0,0,0,0,0,0,0,0,0,0,0,0,0,0,0,100,0,0,0,0,0,0,0,0,0,100,100,-100,0,0,100,0,0,0,0,0,0,100,0,0,100,0,0,0,0,0,100,0,0,0,0,-100,0,0,0,0,0,0,0,0,0
191,2021-05-04,47.919998,48.240002,45.490002,46.209999,46.209999,1055400,48.709999,2.75,0.46999700000000644,3.2199970000000064,3.2199970000000064,3.4199991428571437,57.12499942857143,36.605004571428566,False,0,0,0,0,0,0,0,0,0,-100,0,0,0,0,0,0,0,0,0,0,0,0,0,0,0,0,0,0,0,0,0,0,0,0,0,0,0,0,-100,0,0,0,0,0,0,0,0,0,0,0,0,0,0,0,0,0,0,0,0,0,0
192,2021-05-05,47.0,47.349998,44.799999,45.490002,45.490002,558500,46.209999,2.5499989999999997,1.139998999999996,1.4100000000000037,2.5499989999999997,3.389998714285715,56.244994642857144,35.905002357142855,False,0,0,0,0,0,0,0,0,0,0,0,0,0,0,0,0,0,0,0,0,0,0,0,0,0,0,0,0,0,0,0,0,0,0,0,0,0,0,0,0,0,0,0,0,0,0,0,0,0,0,-100,0,0,0,0,0,0,0,0,0,0
193,2021-05-06,44.610001,44.959999,40.720001,41.860001,41.860001,1195100,45.490002,4.239998,0.5300029999999936,4.7700009999999935,4.7700009999999935,3.2157128571428575,52.487138571428574,33.19286142857143,False,0,0,0,0,0,0,0,0,0,0,0,0,0,0,0,0,0,0,0,0,0,0,0,0,0,0,0,0,0,0,0,0,0,0,0,0,0,0,0,0,0,0,0,0,0,0,0,0,0,0,0,0,0,0,0,0,0,0,0,0,0
194,2021-05-07,43.950001,45.0,42.380001,42.970001,42.970001,608800,41.860001,2.619999,3.139999000000003,0.5200000000000031,3.139999000000003,3.331427285714286,52.487138571428574,33.69571864285714,False,0,0,0,0,0,0,0,0,0,0,0,0,0,0,0,0,0,0,0,0,0,0,0,0,0,100,0,0,0,0,100,0,0,0,0,0,0,0,0,0,0,0,0,0,0,0,0,0,0,0,0,0,0,0,0,0,0,0,0,0,0
195,2021-05-10,42.0,42.709999,39.959999,40.790001,40.790001,825800,42.970001,2.75,0.26000200000000007,3.010002,3.010002,3.1042850000000004,50.647854,32.022144000000004,False,0,0,0,0,0,0,0,0,0,0,0,0,0,0,0,0,0,0,0,0,0,0,0,0,0,0,0,0,0,0,0,0,0,0,0,0,0,0,0,0,0,0,0,0,0,0,0,0,0,0,0,0,0,0,0,0,0,0,0,0,0
196,2021-05-11,39.330002,40.630001,38.400002,40.009998,40.009998,1077500,40.790001,2.2299989999999994,0.1599999999999966,2.389998999999996,2.389998999999996,3.0314280000000005,48.6092855,30.420717499999995,False,0,0,0,0,0,0,0,0,0,0,0,0,0,0,0,0,0,0,0,0,0,0,0,0,0,0,0,0,0,0,0,0,0,0,0,0,0,0,0,0,0,0,0,0,0,0,0,0,0,0,0,0,0,0,0,0,0,0,0,0,0
197,2021-05-12,40.939999,40.939999,37.43,37.860001,37.860001,1494100,40.009998,3.5099990000000005,0.9300009999999972,2.5799980000000033,3.5099990000000005,3.2271422857142857,48.6092855,29.503572642857147,False,0,0,0,0,0,0,0,0,0,-100,0,0,0,0,0,0,0,0,-100,0,0,0,0,0,0,0,0,0,0,0,0,0,0,0,0,0,0,0,-100,0,0,0,0,0,0,0,0,0,0,0,0,0,0,0,0,0,0,0,0,0,0
198,2021-05-13,39.209999,39.68,34.779999,36.939999,36.939999,1300100,37.860001,4.900001000000003,1.8199990000000028,3.0800020000000004,4.900001000000003,3.4671428571428566,47.631428071428566,26.82857092857143,False,0,0,0,0,-100,0,0,0,0,0,0,0,0,0,0,0,0,0,0,0,0,0,0,0,0,0,0,0,0,0,0,0,0,0,0,0,0,0,0,0,0,0,0,0,0,0,0,0,0,0,0,0,0,0,0,0,0,0,0,0,0
199,2021-05-14,37.549999,38.299999,36.459999,37.630001,37.630001,1562200,36.939999,1.8399999999999963,1.3599999999999994,0.4799999999999969,1.8399999999999963,3.3657144285714273,47.47714228571428,27.282855714285716,False,0,0,0,0,0,0,0,0,0,0,0,0,0,0,0,100,0,0,0,0,0,0,0,0,0,100,100,100,0,0,0,0,0,0,0,0,0,100,0,0,0,0,0,0,0,0,100,0,0,0,0,100,0,0,0,0,0,0,0,0,0
200,2021-05-17,37.509998,39.880001,37.060001,39.290001,39.290001,1610700,37.630001,2.8200000000000003,2.25,0.5700000000000003,2.8200000000000003,3.087142857142857,47.47714228571428,29.208572428571426,False,0,0,100,0,0,0,0,0,0,0,0,0,0,0,0,0,0,0,0,0,0,0,0,0,0,0,0,0,-100,0,0,0,0,0,0,0,0,0,100,0,0,0,0,0,0,0,0,0,0,0,0,0,0,0,0,0,0,0,0,0,0
201,2021-05-18,39.790001,42.259998,39.498001,40.150002,40.150002,2015900,39.290001,2.761997000000001,2.9699970000000064,0.2080000000000055,2.9699970000000064,3.0628568571428576,47.47714228571428,31.690428928571436,False,0,0,0,0,0,0,0,0,0,0,0,0,0,0,0,0,0,0,0,0,0,0,0,0,0,0,0,0,0,0,0,0,0,0,0,0,0,0,0,0,0,0,0,0,0,0,0,0,0,-100,0,0,0,0,0,0,0,0,0,0,0
202,2021-05-19,38.869999,42.040001,38.459999,40.689999,40.689999,1525000,40.150002,3.5800019999999932,1.889998999999996,1.6900029999999973,3.5800019999999932,3.144285428571428,47.47714228571428,30.817143714285717,False,0,0,0,0,0,0,0,0,0,0,0,0,0,0,0,0,0,0,0,0,0,0,0,0,0,0,0,0,0,0,0,0,0,0,0,0,0,0,0,0,0,0,0,0,0,0,0,0,0,0,0,0,0,0,0,0,0,0,0,0,0
203,2021-05-20,41.529999,43.970001,41.220001,42.459999,42.459999,1621100,40.689999,2.75,3.280002000000003,0.5300020000000032,3.280002000000003,3.271428714285715,47.47714228571428,32.78071485714286,False,0,0,0,0,0,0,0,0,0,0,0,0,0,0,0,0,0,0,0,0,0,0,0,0,0,0,0,0,0,0,0,0,0,0,0,0,0,0,0,0,0,0,0,0,0,0,0,0,0,-100,0,0,0,0,0,0,0,0,0,0,0
204,2021-05-21,42.91,43.174999,40.509998,41.439999,41.439999,1556700,42.459999,2.6650009999999966,0.7149999999999963,1.9500010000000003,2.6650009999999966,3.1507147142857144,47.47714228571428,32.39035435714286,False,0,0,0,0,0,0,0,0,0,-100,0,0,0,0,0,0,0,0,-100,0,0,0,0,0,0,0,0,0,0,0,0,0,0,0,0,0,0,0,0,0,0,0,0,0,0,0,0,0,0,0,0,0,0,0,0,0,0,0,0,0,0
205,2021-05-24,41.5,42.900002,38.720001,40.389999,40.389999,3498600,41.439999,4.180000999999997,1.4600030000000004,2.719997999999997,4.180000999999997,3.0478575714285703,47.47714228571428,31.666428785714288,False,0,0,0,0,-100,0,0,0,0,0,0,0,0,0,0,0,0,0,0,0,0,0,0,0,0,0,0,0,0,0,0,0,0,0,0,0,0,0,0,0,0,0,0,0,0,0,0,0,0,0,0,-100,0,0,0,0,0,0,0,0,0
206,2021-05-25,39.119999,43.419998,38.630001,42.68,42.68,2578200,40.389999,4.789997,3.0299989999999966,1.759998000000003,4.789997,3.469285714285714,47.47714228571428,30.61714235714286,False,0,0,0,0,0,0,0,0,0,0,0,0,0,0,0,0,0,0,100,0,0,0,0,0,0,0,0,0,0,0,0,0,0,0,0,0,0,0,100,0,0,0,0,0,0,0,0,0,0,0,0,0,0,0,0,0,0,0,0,0,0
207,2021-05-26,42.330002,44.369999,42.220001,42.540001,42.540001,1591100,42.68,2.1499979999999965,1.6899990000000003,0.45999899999999627,2.1499979999999965,3.3735711428571418,47.47714228571428,33.174286571428574,False,0,0,0,0,0,0,0,0,0,0,0,0,0,0,0,100,0,0,0,0,0,0,100,0,0,-100,-100,0,0,0,0,0,0,0,0,0,0,100,0,0,0,0,0,0,0,0,0,0,0,0,0,0,0,0,0,0,0,0,0,0,0
208,2021-05-27,42.5,43.34,40.59,41.900002,41.900002,6486400,42.540001,2.75,0.7999990000000068,1.9500009999999932,2.75,3.342142999999998,47.47714228571428,31.93857100000001,False,0,0,0,0,0,0,0,0,0,0,0,0,0,0,0,0,0,0,0,0,0,0,0,0,0,0,0,0,0,0,0,0,0,0,0,0,0,0,0,0,0,0,0,0,0,0,0,0,0,0,0,-100,0,0,0,0,0,0,0,0,0
209,2021-05-28,42.5,44.799999,42.23,44.689999,44.689999,1717300,41.900002,2.569999000000003,2.899996999999999,0.32999799999999624,2.899996999999999,3.2449994285714276,47.47714228571428,33.78000121428572,False,0,0,0,0,0,0,0,0,0,100,0,100,0,0,0,0,0,0,0,0,0,0,0,0,0,0,0,0,0,0,0,0,0,0,0,0,0,0,100,100,0,0,0,0,0,0,0,0,100,0,0,0,0,0,0,0,0,0,0,0,0
210,2021-06-01,45.669998,49.32,43.700001,48.23,48.23,1478400,44.689999,5.619999,4.630001,0.9899979999999999,5.619999,3.5792847142857127,57.24785464285714,35.772146357142866,True,0,0,0,0,0,0,0,0,0,0,0,0,0,0,0,0,0,0,0,0,0,0,0,0,0,0,0,0,0,0,0,0,0,0,0,0,0,0,0,0,0,0,0,0,0,0,0,0,0,0,0,0,0,0,0,0,0,0,0,0,0
211,2021-06-02,47.009998,47.48,43.23,44.349998,44.349998,1875900,48.23,4.25,0.75,5.0,5.0,3.912855999999999,57.09356799999999,35.772146357142866,True,0,0,0,0,0,0,0,0,0,0,0,0,0,0,0,0,0,0,0,0,0,0,0,0,0,0,0,0,0,0,0,0,0,0,0,0,0,0,0,0,0,0,0,0,0,0,0,0,0,0,0,0,0,0,0,0,0,0,0,0,100
212,2021-06-03,43.625,44.544998,41.884998,41.950001,41.950001,1325500,44.349998,2.6599999999999966,0.19500000000000028,2.4649999999999963,2.6599999999999966,3.6957129999999987,54.302137,35.772146357142866,True,0,0,0,0,0,0,0,0,0,0,0,0,0,0,0,0,0,0,0,0,0,0,0,0,0,0,0,0,0,0,0,0,0,0,0,0,0,0,0,0,0,0,0,0,0,0,0,0,0,0,0,0,0,0,0,0,0,0,0,0,0
213,2021-06-04,42.549999,44.07,42.52,43.41,43.41,722000,41.950001,1.5499999999999972,2.119999,0.5699990000000028,2.119999,3.314284714285713,53.237854142857145,35.772146357142866,True,0,0,0,0,0,0,0,0,0,0,0,0,0,0,0,0,0,0,0,0,0,0,0,0,0,0,0,0,0,0,0,0,0,0,0,0,0,0,0,0,0,0,0,0,0,0,0,0,0,0,100,0,0,0,0,0,0,0,0,0,0
214,2021-06-07,43.41,43.68,39.110001,40.41,40.41,1574100,43.41,4.569999000000003,0.2700000000000031,4.299999,4.569999000000003,3.6599991428571426,52.374997928571425,35.772146357142866,True,0,0,0,0,0,0,0,0,0,-100,0,0,0,0,0,0,0,0,0,0,0,0,0,0,0,0,0,0,100,0,0,0,0,0,0,0,0,0,0,0,0,0,0,0,0,0,0,0,0,0,0,0,0,0,0,0,0,0,0,0,0
215,2021-06-08,40.689999,40.919998,39.09,40.0,40.0,971600,40.41,1.8299979999999962,0.5099980000000031,1.3199999999999932,1.8299979999999962,3.528570285714285,50.590709857142855,35.772146357142866,True,0,0,0,0,0,0,0,0,0,0,0,0,0,0,0,0,0,0,0,0,0,0,0,0,0,0,0,0,0,0,0,0,0,0,0,0,0,0,0,0,0,0,0,0,0,0,0,0,0,0,0,0,0,0,0,0,0,0,0,0,0
216,2021-06-09,39.950001,43.618999,39.66,42.139999,42.139999,1461500,40.0,3.9589990000000057,3.6189990000000023,0.3400000000000034,3.9589990000000057,3.679856285714286,52.67906835714285,35.772146357142866,True,0,0,0,0,0,0,0,0,0,100,0,0,0,0,0,0,0,0,100,0,0,0,0,0,0,0,0,0,0,0,0,0,0,0,0,0,0,0,0,0,0,0,0,0,0,0,0,0,0,0,0,0,0,0,0,0,0,0,0,0,0
217,2021-06-10,43.07,44.860001,42.75,44.66,44.66,893000,42.139999,2.110000999999997,2.720001999999994,0.6100009999999969,2.720001999999994,3.265570999999999,53.601713499999995,35.772146357142866,True,0,0,0,0,100,0,0,0,0,0,0,0,0,0,0,0,0,0,0,0,0,0,0,0,0,0,0,0,200,0,0,0,0,0,0,0,0,0,0,0,0,0,0,0,0,0,0,0,0,0,100,0,0,0,0,0,0,0,0,0,0
218,2021-06-11,44.919998,46.450001,43.700001,44.0,44.0,1166000,44.66,2.75,1.7900010000000037,0.9599989999999963,2.75,2.944142428571428,53.90742828571428,36.24257371428572,True,0,0,0,0,0,0,0,0,0,0,0,0,0,0,0,0,0,0,0,0,0,0,0,0,0,0,0,0,0,0,0,0,0,0,0,0,0,0,0,0,0,0,0,0,0,0,0,0,0,0,0,0,0,0,0,0,0,0,0,0,0
219,2021-06-14,43.869999,45.799999,43.119999,44.66,44.66,874500,44.0,2.6799999999999997,1.7999989999999997,0.880001,2.6799999999999997,2.946999571428571,53.300997714285714,36.24257371428572,True,0,0,0,0,0,0,0,0,0,0,0,0,0,0,0,0,0,0,0,0,0,0,0,0,0,0,0,0,0,0,0,0,0,0,0,0,0,0,0,0,0,0,0,0,0,0,0,0,0,0,0,0,0,0,0,0,0,0,0,0,0
220,2021-06-15,44.5,44.990002,41.619999,41.950001,41.950001,656600,44.66,3.370002999999997,0.33000200000000035,3.0400009999999966,3.370002999999997,3.1255715714285706,52.68171521428571,36.24257371428572,True,0,0,0,0,0,0,0,0,0,0,0,0,0,0,0,0,0,0,0,0,0,0,0,0,0,0,0,0,0,0,0,0,0,0,0,0,0,0,-100,0,0,0,0,0,0,0,0,0,0,0,0,0,0,0,0,0,0,0,0,0,0
221,2021-06-16,41.639999,41.939999,38.119999,38.689999,38.689999,1837300,41.950001,3.8200000000000003,0.010002000000000066,3.8300020000000004,3.8300020000000004,3.0198577142857133,49.08957214285714,36.24257371428572,True,0,0,0,0,0,0,0,0,0,0,0,0,0,0,0,0,0,0,0,0,0,0,0,0,0,0,0,0,0,0,0,0,0,0,0,0,0,0,-100,0,0,0,0,0,0,0,0,0,0,0,0,0,0,0,0,0,0,0,0,0,0
222,2021-06-17,38.459999,39.73,38.049999,38.650002,38.650002,1280500,38.689999,1.6800009999999972,1.0400009999999966,0.6400000000000006,1.6800009999999972,2.9984295714285705,47.885288214285715,36.24257371428572,True,0,0,0,0,0,0,0,0,0,0,0,0,0,0,0,100,100,0,0,0,0,0,0,0,0,0,0,100,0,0,0,0,0,0,0,0,0,100,0,0,0,0,0,0,0,0,100,0,0,0,0,100,0,0,0,0,0,0,0,0,0
223,2021-06-18,39.0,40.099998,38.529999,39.970001,39.970001,1203500,38.650002,1.5699990000000028,1.4499959999999987,0.12000300000000408,1.5699990000000028,2.657143857142856,47.28643007142857,36.24257371428572,True,0,0,0,0,0,0,0,0,0,0,0,0,0,0,0,0,0,0,0,0,0,0,0,0,0,0,0,0,0,0,0,0,0,0,0,0,0,0,0,0,0,0,0,0,0,0,0,0,0,0,100,0,0,0,0,0,0,0,0,0,0
224,2021-06-21,39.209999,39.404999,37.299999,38.060001,38.060001,1597100,39.970001,2.104999999999997,0.5650020000000069,2.6700020000000038,2.6700020000000038,2.650001,46.302502,36.24257371428572,True,0,0,0,0,0,0,0,0,0,0,0,0,0,0,0,0,0,0,0,0,0,0,0,0,0,0,0,0,0,0,0,0,0,0,0,0,0,0,0,0,0,0,0,0,0,0,0,0,0,0,0,0,0,0,0,0,0,0,0,0,0
225,2021-06-22,37.580002,38.25,36.759998,37.360001,37.360001,1047500,38.060001,1.490001999999997,0.18999900000000025,1.3000029999999967,1.490001999999997,2.4700012857142855,44.91500285714285,36.24257371428572,True,0,0,0,0,0,0,0,0,0,0,0,0,0,0,0,100,0,0,0,0,0,0,0,0,0,0,0,-100,0,0,0,0,0,0,0,0,0,100,0,0,0,0,0,0,0,0,100,0,0,0,0,-100,0,0,0,0,0,0,0,0,0
226,2021-06-23,37.970001,39.310001,37.901001,38.91,38.91,934600,37.360001,1.408999999999999,1.9500000000000028,0.5410000000000039,1.9500000000000028,2.3657155714285714,45.70264771428572,36.24257371428572,True,0,0,0,0,0,0,0,0,0,0,0,0,0,0,0,0,0,0,0,0,0,0,0,0,0,0,0,0,0,0,0,0,0,0,0,0,0,0,0,0,0,0,0,0,0,0,0,0,0,0,100,0,0,0,0,0,0,0,0,0,0
227,2021-06-24,39.09,44.740002,39.09,42.700001,42.700001,1855400,38.91,5.6500019999999935,5.830002,0.18000000000000682,5.830002,2.7171440000000007,50.066433,36.24257371428572,True,0,0,0,0,0,0,0,0,0,100,0,0,0,0,0,0,0,0,0,0,0,0,0,0,0,0,0,0,0,0,0,0,0,0,0,0,0,0,0,0,0,0,0,0,0,0,0,0,0,0,0,0,0,0,0,0,0,0,0,0,0
228,2021-06-25,43.290001,43.389999,40.450001,41.75,41.75,1347000,42.700001,2.9399980000000028,0.6899980000000028,2.25,2.9399980000000028,2.5900005714285723,49.69000171428572,36.24257371428572,True,0,0,0,0,0,0,0,0,0,-100,0,0,0,0,0,0,0,0,0,0,0,0,0,0,0,0,0,0,0,0,0,0,0,0,0,0,0,0,0,0,0,0,0,0,0,0,0,0,0,0,0,0,0,0,0,0,0,0,0,0,0
229,2021-06-28,42.299999,43.877998,41.869999,43.68,43.68,956200,41.75,2.007998999999998,2.127997999999998,0.11999899999999997,2.127997999999998,2.654000142857144,50.83599892857143,36.24257371428572,True,0,0,0,0,0,0,0,0,0,0,0,0,0,0,0,0,0,0,0,0,0,0,0,0,0,0,0,0,-100,0,0,0,0,0,0,0,0,0,0,0,0,0,0,0,0,0,0,0,0,0,100,0,0,0,0,0,0,0,0,0,0
230,2021-06-29,42.860001,43.84,42.119999,43.389999,43.389999,422100,43.68,1.7200010000000034,0.1600000000000037,1.5600009999999997,1.7200010000000034,2.675429000000001,51.00628650000001,36.24257371428572,True,0,0,0,0,0,0,0,0,0,0,0,0,0,0,0,0,0,0,0,0,0,0,0,0,0,0,0,0,0,0,0,0,0,0,0,0,0,0,0,0,0,0,0,0,0,0,0,0,0,0,0,0,0,0,0,0,0,0,0,0,0
231,2021-06-30,43.759998,43.759998,41.82,41.959999,41.959999,634200,43.389999,1.9399980000000028,0.36999899999999997,1.5699990000000028,1.9399980000000028,2.5711427142857155,50.50342714285715,36.24257371428572,True,0,0,0,0,0,0,0,0,0,-100,0,-100,0,0,0,0,0,0,-100,0,0,0,0,0,0,0,0,0,100,0,0,0,0,0,0,0,0,0,-100,-100,0,0,0,0,0,0,0,0,0,0,0,0,0,0,0,0,0,0,0,0,0
232,2021-07-01,42.099998,42.93,40.5,41.439999,41.439999,364500,41.959999,2.4299999999999997,0.9700009999999963,1.4599990000000034,2.4299999999999997,2.7054281428571443,49.831284428571436,36.24257371428572,True,0,0,0,0,-100,0,0,0,0,0,0,0,0,0,0,0,0,0,0,0,0,0,0,0,0,0,0,0,0,0,0,0,0,0,0,0,0,0,0,0,0,0,0,0,0,0,0,0,0,0,0,-100,0,0,0,0,0,0,0,0,0
233,2021-07-02,41.0,41.759998,38.900002,39.400002,39.400002,600500,41.439999,2.8599960000000024,0.3199990000000028,2.5399969999999996,2.8599960000000024,2.8354275714285726,48.836282714285716,36.24257371428572,True,0,0,0,0,0,0,0,0,0,0,0,0,0,0,0,0,0,0,0,0,0,0,0,0,0,0,0,0,0,0,0,0,0,0,0,0,0,0,0,0,0,0,0,0,0,0,0,0,0,0,0,0,0,0,0,0,0,0,0,0,0
234,2021-07-06,39.490002,40.18,38.924999,39.189999,39.189999,847800,39.400002,1.255001,0.7799979999999991,0.47500300000000095,1.255001,2.181856000000001,46.0980675,36.24257371428572,True,0,0,0,0,0,0,0,0,0,0,0,0,0,0,0,0,0,0,0,0,0,0,0,0,0,0,0,0,0,0,0,0,0,0,0,0,0,0,0,0,0,0,0,0,0,0,0,0,0,0,0,0,0,0,0,0,0,0,0,0,0
235,2021-07-07,39.0,39.900002,36.82,37.23,37.23,1149200,39.189999,3.0800020000000004,0.7100030000000004,2.369999,3.0800020000000004,2.2018565714285723,44.96557071428571,36.24257371428572,True,0,0,0,0,0,0,0,0,0,0,0,0,0,0,0,0,0,0,0,0,0,0,0,0,0,0,0,0,100,0,0,0,0,0,0,0,0,0,0,0,0,0,0,0,0,0,0,0,0,0,0,0,0,0,0,0,0,0,0,0,0
236,2021-07-08,36.330002,36.84,34.674999,35.91,35.91,1390800,37.23,2.1650010000000037,0.38999999999999346,2.555000999999997,2.555000999999997,2.262857000000001,42.546070500000006,28.968928499999997,False,0,0,0,0,0,0,0,0,0,0,0,0,0,0,0,0,0,0,0,0,0,0,0,0,0,0,0,0,0,0,0,0,0,0,0,0,0,0,0,0,0,0,0,0,0,0,0,0,0,0,0,-100,0,0,0,0,0,0,0,0,0
237,2021-07-09,37.459999,38.044998,35.5,37.900002,37.900002,629600,35.91,2.5449979999999996,2.134998000000003,0.4099999999999966,2.5449979999999996,2.3807137142857147,42.546070500000006,29.630357857142855,False,0,0,0,0,0,0,0,0,0,0,0,0,0,0,0,0,0,0,0,0,0,0,0,0,-100,0,0,0,0,0,0,0,0,0,0,0,100,0,0,0,0,0,0,0,0,0,0,0,0,0,0,0,0,0,0,0,0,0,0,0,0
238,2021-07-12,37.900002,38.849998,36.610001,37.709999,37.709999,398500,37.900002,2.2399970000000025,0.9499959999999987,1.2900010000000037,2.2399970000000025,2.4235707142857144,42.546070500000006,30.459287357142856,False,0,0,0,0,0,0,0,0,0,0,0,0,0,0,0,100,0,0,0,0,0,0,0,0,0,0,0,-100,0,0,0,0,0,0,0,0,0,100,0,0,0,0,0,0,0,0,100,0,0,0,0,-100,0,0,0,0,0,0,0,0,0
239,2021-07-13,37.98,39.23,37.119999,38.27,38.27,474300,37.709999,2.110000999999997,1.5200009999999935,0.5900000000000034,2.110000999999997,2.377856571428571,42.546070500000006,31.041429785714286,False,0,0,0,0,0,0,0,0,0,0,0,0,0,0,0,0,0,0,0,0,0,0,0,0,0,0,0,100,0,0,0,0,0,0,0,0,0,0,0,0,0,0,0,0,0,0,0,0,0,0,0,100,0,0,0,0,0,0,0,0,0
240,2021-07-14,38.459999,38.849998,35.459999,35.779999,35.779999,782500,38.27,3.389998999999996,0.5799979999999962,2.8100009999999997,3.389998999999996,2.453571285714285,42.546070500000006,29.79428464285715,False,0,0,0,0,0,0,0,0,0,0,0,0,0,0,0,0,0,0,-100,0,0,0,0,0,0,0,0,0,0,0,0,0,0,0,0,0,0,0,-100,0,0,0,0,0,0,0,0,0,0,0,0,0,0,0,0,0,0,0,0,0,0
241,2021-07-15,35.779999,36.34,34.349998,34.939999,34.939999,942500,35.779999,1.990002000000004,0.5600010000000069,1.4300009999999972,1.990002000000004,2.5585714285714283,42.546070500000006,27.669284714285716,False,0,0,0,0,-100,0,0,0,0,0,0,0,0,0,0,0,0,0,0,0,0,0,0,0,0,0,0,0,0,0,0,0,0,0,0,0,0,0,0,0,0,0,0,0,0,0,0,0,0,0,-100,0,0,0,0,0,0,0,0,0,0
242,2021-07-16,35.0,36.029999,34.25,35.169998,35.169998,556900,34.939999,1.7799989999999966,1.0899999999999963,0.6899990000000003,1.7799989999999966,2.3728567142857133,42.25856964285714,28.021429357142864,False,0,0,0,0,0,0,0,0,0,0,0,0,0,0,0,100,0,0,0,0,0,0,0,0,0,0,0,100,0,0,0,0,0,0,0,0,0,100,0,0,0,0,0,0,0,0,100,0,0,0,0,100,0,0,0,0,0,0,0,0,0
243,2021-07-19,34.200001,34.889999,33.5,34.560001,34.560001,633800,35.169998,1.389999000000003,0.27999899999999656,1.6699979999999996,1.6699979999999996,2.2464277142857134,40.93428264285714,27.45571635714286,False,0,0,0,0,0,0,0,0,0,0,0,0,0,0,0,0,0,0,0,0,0,0,0,0,0,0,0,0,0,0,0,0,0,0,0,0,0,0,0,0,0,0,0,0,0,0,0,0,0,0,100,0,0,0,0,0,0,0,0,0,0
244,2021-07-20,34.560001,35.0,32.584999,34.259998,34.259998,975700,34.560001,2.4150009999999966,0.43999900000000025,1.9750019999999964,2.4150009999999966,2.2278567142857133,40.47606964285715,27.108929357142866,False,0,0,0,0,0,0,0,0,0,0,0,0,0,0,0,0,0,0,0,0,0,0,0,0,0,0,0,0,0,0,0,0,0,0,0,0,0,0,0,0,0,0,0,0,0,0,0,0,0,0,0,-100,0,0,0,0,0,0,0,0,0
245,2021-07-21,33.900002,34.860001,32.880001,34.580002,34.580002,793500,34.259998,1.9799999999999969,0.6000029999999938,1.379997000000003,1.9799999999999969,2.1907142857142836,40.44214385714285,27.29785814285715,False,0,0,0,0,0,0,0,0,0,0,0,0,0,0,0,0,0,0,100,0,0,0,0,0,0,0,0,0,0,0,0,0,0,0,0,0,0,0,0,0,0,0,0,0,0,0,0,0,0,0,0,0,0,0,0,0,0,0,0,0,0
246,2021-07-22,34.32,34.59,32.917999,33.099998,33.099998,534200,34.580002,1.6720010000000016,0.00999800000000306,1.6620029999999986,1.6720010000000016,2.128142857142856,40.13842807142857,27.369570928571438,False,0,0,0,0,0,0,0,0,0,0,0,-100,0,0,0,0,0,0,0,0,0,0,0,0,0,0,0,0,0,0,0,0,0,0,0,0,0,0,-100,0,0,0,0,0,0,0,0,0,0,0,0,0,0,0,0,0,0,0,0,0,0
247,2021-07-23,27.497,28.07,24.82,26.01,26.01,7241000,33.099998,3.25,5.029997999999999,8.279997999999999,8.279997999999999,2.826714142857142,34.92514242857143,17.964857571428574,False,0,0,0,0,0,0,0,0,0,0,0,0,0,0,0,0,0,0,0,0,0,0,0,0,0,0,0,0,100,0,0,0,0,0,0,0,0,0,0,0,0,0,0,0,0,0,0,0,0,0,0,0,0,0,0,0,0,0,0,0,0
248,2021-07-26,25.09,29.200001,24.285,27.190001,27.190001,4225000,26.01,4.915001,3.1900009999999988,1.7250000000000014,4.915001,3.2445711428571413,34.92514242857143,17.008787071428575,False,0,0,0,0,0,0,0,0,0,0,0,0,0,0,0,0,0,0,0,0,0,0,0,0,0,0,0,0,0,0,0,0,0,0,0,0,0,0,0,0,0,0,0,0,0,0,0,0,0,0,0,0,0,0,0,0,0,0,0,0,0
