,time,close,high,low,open,volumefrom,volumeto,candlestick_pattern,candlestick_match_count
0,2020-07-31,11323.466797,11415.864258,10987.053711,11110.210938,,,NO_PATTERN,0.0
1,2020-08-01,11759.592773,11794.775391,11239.682617,11322.570313,,,NO_PATTERN,0.0
2,2020-08-02,11053.614258,12034.144531,11018.129883,11758.764648,,,NO_PATTERN,0.0
3,2020-08-03,11246.348633,11453.079102,11012.415039,11043.768555,,,NO_PATTERN,0.0
4,2020-08-04,11205.892578,11385.381836,11094.145508,11246.203125,,,NO_PATTERN,0.0
5,2020-08-05,11747.022461,11786.617188,11158.285156,11203.823242,,,CDLHIKKAKE_Bear,2.0
6,2020-08-06,11779.773438,11902.335938,11598.713867,11749.871094,,,CDL3OUTSIDE_Bull,1.0
7,2020-08-07,11601.472656,11898.038086,11408.59375,11778.894531,,,CDLXSIDEGAP3METHODS_Bull,1.0
8,2020-08-08,11754.045898,11800.064453,11558.431641,11604.553711,,,NO_PATTERN,0.0
9,2020-08-09,11675.739258,11806.056641,11548.78418,11737.325195,,,NO_PATTERN,0.0
10,2020-08-10,11878.111328,12045.140625,11662.256836,11662.256836,,,CDLENGULFING_Bull,1.0
11,2020-08-11,11410.525391,11932.710938,11195.708984,11881.647461,,,CDLENGULFING_Bear,1.0
12,2020-08-12,11584.93457,11748.396484,11249.605469,11404.59668,,,NO_PATTERN,0.0
13,2020-08-13,11784.137695,11796.396484,11216.87207,11588.405273,,,NO_PATTERN,0.0
14,2020-08-14,11768.871094,12150.994141,11685.455078,11772.65918,,,CDLLONGLEGGEDDOJI_Bull,4.0
15,2020-08-15,11865.698242,11963.203125,11768.697266,11768.697266,,,CDLENGULFING_Bull,1.0
16,2020-08-16,11892.803711,11934.901367,11737.188477,11866.685547,,,CDL3OUTSIDE_Bull,6.0
17,2020-08-17,12254.402344,12359.056641,11806.696289,11895.658203,,,CDLHIKKAKE_Bull,1.0
18,2020-08-18,11991.233398,12335.707031,11954.525391,12251.895508,,,CDLCLOSINGMARUBOZU_Bear,1.0
19,2020-08-19,11758.283203,12028.923828,11687.333008,11990.884766,,,CDLBELTHOLD_Bear,2.0
20,2020-08-20,11878.37207,11900.411133,11710.063477,11761.5,,,CDLHARAMI_Bull,1.0
21,2020-08-21,11592.489258,11899.259766,11564.979492,11878.026367,,,CDLCLOSINGMARUBOZU_Bear,4.0
22,2020-08-22,11681.825195,11689.407227,11448.805664,11585.477539,,,CDLHAMMER_Bull,1.0
23,2020-08-23,11664.847656,11713.429688,11559.920898,11679.696289,,,CDLRICKSHAWMAN_Bull,8.0
24,2020-08-24,11774.595703,11807.631836,11623.25,11663.689453,,,CDLENGULFING_Bull,1.0
25,2020-08-25,11366.134766,11778.299805,11189.850586,11773.588867,,,CDLBELTHOLD_Bear,1.0
26,2020-08-26,11488.363281,11530.052734,11296.993164,11366.894531,,,CDLHARAMI_Bull,1.0
27,2020-08-27,11323.397461,11570.786133,11185.941406,11485.608398,,,NO_PATTERN,0.0
28,2020-08-28,11542.5,11545.615234,11316.422852,11325.295898,,,CDLBELTHOLD_Bull,3.0
29,2020-08-29,11506.865234,11585.640625,11466.292969,11541.054688,,,CDLHARAMI_Bear,3.0
30,2020-08-30,11711.505859,11715.264648,11492.381836,11508.713867,,,CDLBELTHOLD_Bull,3.0
31,2020-08-31,11680.820313,11768.876953,11598.318359,11713.306641,,,CDLSPINNINGTOP_Bear,1.0
32,2020-09-01,11970.478516,12067.081055,11601.128906,11679.316406,,,CDLENGULFING_Bull,1.0
33,2020-09-02,11414.03418,11964.823242,11290.793945,11964.823242,,,CDLBELTHOLD_Bear,1.0
34,2020-09-03,10245.296875,11443.022461,10182.464844,11407.191406,,,NO_PATTERN,0.0
35,2020-09-04,10511.813477,10663.919922,10207.94043,10230.365234,,,NO_PATTERN,0.0
36,2020-09-05,10169.567383,10581.571289,9946.675781,10512.530273,,,CDLHIKKAKE_Bull,2.0
37,2020-09-06,10280.351563,10353.927734,10056.885742,10167.216797,,,NO_PATTERN,0.0
38,2020-09-07,10369.563477,10399.15332,9916.493164,10280.998047,,,CDLHANGINGMAN_Bear,1.0
39,2020-09-08,10131.516602,10414.775391,9945.110352,10369.306641,,,NO_PATTERN,0.0
40,2020-09-09,10242.347656,10350.542969,10017.250977,10134.151367,,,NO_PATTERN,0.0
41,2020-09-10,10363.138672,10503.912109,10238.135742,10242.330078,,,CDLHIKKAKE_Bear,1.0
42,2020-09-11,10400.915039,10434.922852,10140.836914,10369.02832,,,CDLLONGLEGGEDDOJI_Bull,5.0
43,2020-09-12,10442.170898,10578.837891,10292.386719,10409.861328,,,CDLRICKSHAWMAN_Bull,5.0
44,2020-09-13,10323.755859,10577.214844,10224.330078,10452.399414,,,CDLENGULFING_Bear,1.0
45,2020-09-14,10680.837891,10800.010742,10266.008789,10328.734375,,,NO_PATTERN,0.0
46,2020-09-15,10796.951172,10938.631836,10656.459961,10677.754883,,,NO_PATTERN,0.0
47,2020-09-16,10974.905273,11100.124023,10704.884766,10797.761719,,,CDLADVANCEBLOCK_Bear,1.0
48,2020-09-17,10948.990234,11037.420898,10774.62793,10973.251953,,,CDLRICKSHAWMAN_Bull,7.0
49,2020-09-18,10944.585938,11034.908203,10829.657227,10951.820313,,,CDLMATCHINGLOW_Bull,6.0
50,2020-09-19,11094.34668,11134.092773,10909.618164,10933.75293,,,CDLSEPARATINGLINES_Bull,4.0
51,2020-09-20,10938.271484,11095.870117,10814.477539,11095.870117,,,CDLBELTHOLD_Bear,1.0
52,2020-09-21,10462.259766,10988.304688,10380.260742,10934.925781,,,CDLHIKKAKE_Bear,1.0
53,2020-09-22,10538.459961,10568.077148,10382.726563,10459.624023,,,NO_PATTERN,0.0
54,2020-09-23,10225.864258,10637.847656,10185.774414,10539.457031,,,CDLENGULFING_Bear,1.0
55,2020-09-24,10745.548828,10765.794922,10215.205078,10227.479492,,,CDLBELTHOLD_Bull,3.0
56,2020-09-25,10702.290039,10757.548828,10594.047852,10747.472656,,,CDLHANGINGMAN_Bear,1.0
57,2020-09-26,10754.4375,10778.5,10682.082031,10702.237305,,,CDLHIKKAKE_Bear,2.0
58,2020-09-27,10774.426758,10804.732422,10643.458008,10752.939453,,,CDL3OUTSIDE_Bull,5.0
59,2020-09-28,10721.327148,10949.123047,10716.676758,10771.641602,,,NO_PATTERN,0.0
60,2020-09-29,10848.830078,10858.939453,10665.344727,10712.462891,,,CDLENGULFING_Bull,1.0
61,2020-09-30,10787.618164,10856.52832,10689.670898,10845.411133,,,NO_PATTERN,0.0
62,2020-10-01,10623.330078,10915.84375,10493.552734,10785.010742,,,NO_PATTERN,0.0
63,2020-10-02,10585.164063,10662.813477,10440.311523,10624.390625,,,NO_PATTERN,0.0
64,2020-10-03,10565.493164,10614.091797,10527.978516,10583.806641,,,CDLRICKSHAWMAN_Bull,4.0
65,2020-10-04,10684.428711,10700.791016,10531.342773,10567.919922,,,CDLCLOSINGMARUBOZU_Bull,2.0
66,2020-10-05,10804.000977,10804.000977,10646.443359,10688.03418,,,CDLCLOSINGMARUBOZU_Bull,1.0
67,2020-10-06,10621.664063,10803.456055,10565.197266,10799.77832,,,CDLXSIDEGAP3METHODS_Bull,2.0
68,2020-10-07,10679.136719,10687.268555,10591.963867,10619.803711,,,NO_PATTERN,0.0
69,2020-10-08,10923.62793,10939.799805,10569.823242,10677.625,,,CDLCLOSINGMARUBOZU_Bull,1.0
70,2020-10-09,,,,,,,NO_PATTERN,0.0
71,2020-10-10,11296.361328,11442.210938,11056.94043,11059.142578,,,NO_PATTERN,0.0
72,2020-10-11,11384.181641,11428.813477,11288.62793,11296.082031,,,NO_PATTERN,0.0
73,2020-10-12,,,,,,,NO_PATTERN,0.0
74,2020-10-13,,,,,,,NO_PATTERN,0.0
75,2020-10-14,11429.506836,11539.977539,11307.831055,11429.047852,,,NO_PATTERN,0.0
76,2020-10-15,11495.349609,11569.914063,11303.603516,11426.602539,,,NO_PATTERN,0.0
77,2020-10-16,11322.123047,11540.061523,11223.012695,11502.828125,,,CDLENGULFING_Bear,1.0
78,2020-10-17,11358.101563,11386.261719,11285.345703,11322.123047,,,NO_PATTERN,0.0
79,2020-10-18,11483.359375,11483.359375,11347.578125,11355.982422,,,CDLHIKKAKE_Bear,1.0
80,2020-10-19,11742.037109,11799.092773,11408.290039,11495.038086,,,NO_PATTERN,0.0
81,2020-10-20,11916.334961,11999.917969,11681.480469,11745.974609,,,NO_PATTERN,0.0
82,2020-10-21,12823.689453,13184.566406,11900.928711,11913.077148,,,NO_PATTERN,0.0
83,2020-10-22,12965.891602,13161.59375,12717.09375,12801.635742,,,NO_PATTERN,0.0
84,2020-10-23,12931.539063,13015.961914,12752.647461,12971.548828,,,NO_PATTERN,0.0
85,2020-10-24,13108.0625,13145.066406,12885.74707,12931.574219,,,CDLHIKKAKE_Bear,1.0
86,2020-10-25,13031.173828,13329.183594,12910.061523,13108.063477,,,NO_PATTERN,0.0
87,2020-10-26,13075.248047,13225.297852,12822.382813,13031.201172,,,NO_PATTERN,0.0
88,2020-10-27,13654.21875,13759.668945,13060.837891,13075.242188,,,NO_PATTERN,0.0
89,2020-10-28,13271.285156,13837.695313,12932.250977,13654.214844,,,NO_PATTERN,0.0
90,2020-10-29,13437.882813,13612.047852,12980.05957,13271.298828,,,NO_PATTERN,0.0
91,2020-10-30,13546.522461,13651.516602,13136.198242,13437.874023,,,CDLHIKKAKE_Bear,1.0
92,2020-10-31,13780.995117,14028.213867,13457.530273,13546.532227,,,NO_PATTERN,0.0
93,2020-11-01,13737.109375,13862.033203,13628.37793,13780.995117,,,NO_PATTERN,0.0
94,2020-11-02,13550.489258,13808.323242,13243.160156,13737.032227,,,CDLHIKKAKE_Bull,1.0
95,2020-11-03,13950.300781,13984.981445,13325.441406,13550.451172,,,CDLENGULFING_Bull,2.0
96,2020-11-04,14133.707031,14218.766602,13580.47168,13950.488281,,,CDL3OUTSIDE_Bull,1.0
97,2020-11-05,15579.848633,15706.404297,14102.088867,14133.733398,,,NO_PATTERN,0.0
98,2020-11-06,15565.880859,15903.4375,15226.839844,15579.729492,,,NO_PATTERN,0.0
99,2020-11-07,14833.753906,15737.095703,14423.203125,15565.880859,,,NO_PATTERN,0.0
100,2020-11-08,15479.567383,15637.320313,14744.110352,14833.753906,,,NO_PATTERN,0.0
101,2020-11-09,15332.31543,15785.136719,14865.529297,15479.595703,,,CDLHIKKAKE_Bear,1.0
102,2020-11-10,15290.902344,15450.329102,15124.959961,15332.350586,,,NO_PATTERN,0.0
103,2020-11-11,15701.339844,15916.260742,15290.006836,15290.90918,,,CDLHIKKAKE_Bear,1.0
104,2020-11-12,16276.34375,16305.003906,15534.771484,15701.298828,,,NO_PATTERN,0.0
105,2020-11-13,16317.808594,16463.177734,15992.152344,16276.44043,,,NO_PATTERN,0.0
106,2020-11-14,16068.138672,16317.808594,15749.193359,16317.808594,,,NO_PATTERN,0.0
107,2020-11-15,15955.587891,16123.110352,15793.53418,16068.139648,,,NO_PATTERN,0.0
108,2020-11-16,16716.111328,16816.181641,15880.706055,15955.577148,,,CDLHIKKAKE_Bear,2.0
109,2020-11-17,17645.40625,17782.919922,16564.544922,16685.691406,,,CDL3OUTSIDE_Bull,1.0
110,2020-11-18,17804.005859,18393.949219,17352.90625,17645.191406,,,NO_PATTERN,0.0
111,2020-11-19,17817.089844,18119.546875,17382.554688,17803.861328,,,NO_PATTERN,0.0
112,2020-11-20,18621.314453,18773.226563,17765.794922,17817.083984,,,CDLHIKKAKE_Bear,1.0
113,2020-11-21,18642.232422,18936.621094,18444.359375,18621.316406,,,NO_PATTERN,0.0
114,2020-11-22,18370.001953,18688.96875,17671.384766,18642.232422,,,NO_PATTERN,0.0
115,2020-11-23,18364.121094,18711.425781,18000.796875,18370.017578,,,NO_PATTERN,0.0
116,2020-11-24,19107.464844,19348.271484,18128.65625,18365.015625,,,NO_PATTERN,0.0
117,2020-11-25,18732.121094,19390.964844,18581.146484,19104.410156,,,NO_PATTERN,0.0
118,2020-11-26,17150.623047,18866.285156,16351.035156,18729.839844,,,NO_PATTERN,0.0
119,2020-11-27,17108.402344,17445.023438,16526.423828,17153.914063,,,NO_PATTERN,0.0
120,2020-11-28,17717.414063,17853.939453,16910.652344,17112.933594,,,CDLHIKKAKE_Bear,1.0
121,2020-11-29,18177.484375,18283.628906,17559.117188,17719.634766,,,NO_PATTERN,0.0
122,2020-11-30,19625.835938,19749.263672,18178.322266,18178.322266,,,NO_PATTERN,0.0
123,2020-12-01,18802.998047,19845.974609,18321.921875,19633.769531,,,NO_PATTERN,0.0
124,2020-12-02,19201.091797,19308.330078,18347.71875,18801.744141,,,NO_PATTERN,0.0
125,2020-12-03,19445.398438,19566.191406,18925.785156,19205.925781,,,CDLHIKKAKE_Bear,1.0
126,2020-12-04,18699.765625,19511.404297,18697.193359,19446.966797,,,CDLENGULFING_Bear,1.0
127,2020-12-05,19154.230469,19160.449219,18590.193359,18698.384766,,,NO_PATTERN,0.0
128,2020-12-06,19345.121094,19390.5,18897.894531,19154.179688,,,NO_PATTERN,0.0
129,2020-12-07,19191.630859,19411.828125,18931.142578,19343.128906,,,NO_PATTERN,0.0
130,2020-12-08,18321.144531,19283.478516,18269.945313,19191.529297,,,NO_PATTERN,0.0
131,2020-12-09,18553.916016,18626.292969,17935.546875,18320.884766,,,NO_PATTERN,0.0
132,2020-12-10,18264.992188,18553.298828,17957.064453,18553.298828,,,NO_PATTERN,0.0
133,2020-12-11,18058.904297,18268.453125,17619.533203,18263.929688,,,CDLHIKKAKE_Bull,1.0
134,2020-12-12,18803.65625,18919.550781,18046.041016,18051.320313,,,CDLENGULFING_Bull,2.0
135,2020-12-13,19142.382813,19381.535156,18734.332031,18806.765625,,,CDL3OUTSIDE_Bull,1.0
136,2020-12-14,19246.644531,19305.099609,19012.708984,19144.492188,,,NO_PATTERN,0.0
137,2020-12-15,19417.076172,19525.007813,19079.841797,19246.919922,,,CDLHIKKAKE_Bear,1.0
138,2020-12-16,21310.597656,21458.908203,19298.316406,19418.818359,,,NO_PATTERN,0.0
139,2020-12-17,22805.162109,23642.660156,21234.675781,21308.351563,,,NO_PATTERN,0.0
140,2020-12-18,23137.960938,23238.601563,22399.8125,22806.796875,,,NO_PATTERN,0.0
141,2020-12-19,23869.832031,24085.855469,22826.472656,23132.865234,,,CDLHIKKAKE_Bear,1.0
142,2020-12-20,23477.294922,24209.660156,23147.710938,23861.765625,,,NO_PATTERN,0.0
143,2020-12-21,22803.082031,24059.982422,22159.367188,23474.455078,,,NO_PATTERN,0.0
144,2020-12-22,23783.029297,23789.902344,22430.605469,22794.039063,,,CDLENGULFING_Bull,1.0
145,2020-12-23,23241.345703,24024.490234,22802.646484,23781.974609,,,CDLHIKKAKE_Bear,1.0
146,2020-12-24,23735.949219,23768.337891,22777.597656,23240.203125,,,NO_PATTERN,0.0
147,2020-12-25,24664.791016,24710.101563,23463.673828,23733.570313,,,NO_PATTERN,0.0
148,2020-12-26,26437.037109,26718.070313,24522.689453,24677.015625,,,NO_PATTERN,0.0
149,2020-12-27,26272.294922,28288.839844,25922.769531,26439.373047,,,NO_PATTERN,0.0
150,2020-12-28,27084.808594,27389.111328,26207.640625,26280.822266,,,NO_PATTERN,0.0
151,2020-12-29,27362.4375,27370.720703,25987.298828,27081.810547,,,CDLHIKKAKE_Bull,1.0
152,2020-12-30,28840.953125,28937.740234,27360.089844,27360.089844,,,CDLHIKKAKE_Bull,1.0
153,2020-12-31,29001.720703,29244.876953,28201.992188,28841.574219,,,NO_PATTERN,0.0
154,2021-01-01,29374.152344,29600.626953,28803.585938,28994.009766,,,NO_PATTERN,0.0
155,2021-01-02,32127.267578,33155.117188,29091.181641,29376.455078,,,NO_PATTERN,0.0
156,2021-01-03,32782.023438,34608.558594,32052.316406,32129.408203,,,NO_PATTERN,0.0
157,2021-01-04,31971.914063,33440.21875,28722.755859,32810.949219,,,CDLENGULFING_Bear,1.0
158,2021-01-05,33992.429688,34437.589844,30221.1875,31977.041016,,,NO_PATTERN,0.0
159,2021-01-06,36824.363281,36879.699219,33514.035156,34013.613281,,,NO_PATTERN,0.0
160,2021-01-07,39371.042969,40180.367188,36491.191406,36833.875,,,NO_PATTERN,0.0
161,2021-01-08,40797.609375,41946.738281,36838.636719,39381.765625,,,NO_PATTERN,0.0
162,2021-01-09,40254.546875,41436.351563,38980.875,40788.640625,,,NO_PATTERN,0.0
163,2021-01-10,38356.441406,41420.191406,35984.628906,40254.21875,,,CDLHIKKAKE_Bull,1.0
164,2021-01-11,35566.65625,38346.53125,30549.599609,38346.53125,,,NO_PATTERN,0.0
165,2021-01-12,33922.960938,36568.527344,32697.976563,35516.359375,,,NO_PATTERN,0.0
166,2021-01-13,37316.359375,37599.960938,32584.667969,33915.121094,,,CDLENGULFING_Bull,1.0
167,2021-01-14,39187.328125,39966.40625,36868.5625,37325.109375,,,CDL3OUTSIDE_Bull,1.0
168,2021-01-15,36825.367188,39577.710938,34659.589844,39156.707031,,,CDLXSIDEGAP3METHODS_Bull,1.0
169,2021-01-16,36178.140625,37864.367188,35633.554688,36821.648438,,,NO_PATTERN,0.0
170,2021-01-17,35791.277344,36722.351563,34069.320313,36163.648438,,,CDLHIKKAKE_Bull,1.0
171,2021-01-18,36630.074219,37299.285156,34883.84375,35792.238281,,,CDLXSIDEGAP3METHODS_Bear,1.0
172,2021-01-19,36069.804688,37755.890625,36069.804688,36642.234375,,,NO_PATTERN,0.0
173,2021-01-20,35547.75,36378.328125,33570.476563,36050.113281,,,NO_PATTERN,0.0
174,2021-01-21,30825.699219,35552.679688,30250.75,35549.398438,,,NO_PATTERN,0.0
175,2021-01-22,33005.761719,33811.851563,28953.373047,30817.625,,,NO_PATTERN,0.0
176,2021-01-23,32067.642578,33360.976563,31493.160156,32985.757813,,,NO_PATTERN,0.0
177,2021-01-24,32289.378906,32944.007813,31106.685547,32064.376953,,,CDLHIKKAKE_Bull,1.0
178,2021-01-25,32366.392578,34802.742188,32087.787109,32285.798828,,,NO_PATTERN,0.0
179,2021-01-26,32569.849609,32794.550781,31030.265625,32358.613281,,,NO_PATTERN,0.0
180,2021-01-27,30432.546875,32564.029297,29367.138672,32564.029297,,,NO_PATTERN,0.0
181,2021-01-28,31649.605469,31891.300781,30023.207031,30441.041016,,,NO_PATTERN,0.0
182,2021-01-29,34316.386719,38406.261719,32064.814453,34318.671875,,,CDLHIKKAKE_Bear,1.0
183,2021-01-30,34269.523438,34834.707031,32940.1875,34295.933594,,,NO_PATTERN,0.0
184,2021-01-31,33114.359375,34288.332031,32270.175781,34270.878906,,,CDLHIKKAKE_Bull,1.0
185,2021-02-01,33537.175781,34638.214844,32384.228516,33114.578125,,,NO_PATTERN,0.0
186,2021-02-02,35510.289063,35896.882813,33489.21875,33533.199219,,,CDLHIKKAKE_Bull,1.0
187,2021-02-03,37472.089844,37480.1875,35443.984375,35510.820313,,,NO_PATTERN,0.0
188,2021-02-04,36926.066406,38592.175781,36317.5,37475.105469,,,NO_PATTERN,0.0
189,2021-02-05,38144.308594,38225.90625,36658.761719,36931.546875,,,NO_PATTERN,0.0
190,2021-02-06,39266.011719,40846.546875,38138.386719,38138.386719,,,CDLHIKKAKE_Bear,1.0
191,2021-02-07,38903.441406,39621.835938,37446.152344,39250.191406,,,NO_PATTERN,0.0
192,2021-02-08,46196.464844,46203.929688,38076.324219,38886.828125,,,CDLENGULFING_Bull,1.0
193,2021-02-09,46481.105469,48003.722656,45166.960938,46184.992188,,,CDL3OUTSIDE_Bull,1.0
194,2021-02-10,44918.183594,47145.566406,43881.152344,46469.761719,,,NO_PATTERN,0.0
195,2021-02-11,47909.332031,48463.46875,44187.761719,44898.710938,,,CDLENGULFING_Bull,1.0
196,2021-02-12,47504.851563,48745.734375,46424.976563,47877.035156,,,NO_PATTERN,0.0
197,2021-02-13,47105.515625,48047.746094,46392.28125,47491.203125,,,NO_PATTERN,0.0
198,2021-02-14,48717.289063,49487.640625,47114.507813,47114.507813,,,NO_PATTERN,0.0
199,2021-02-15,47945.058594,48875.570313,46347.476563,48696.535156,,,NO_PATTERN,0.0
200,2021-02-16,49199.871094,50341.101563,47201.304688,47944.457031,,,CDLENGULFING_Bull,1.0
201,2021-02-17,52149.007813,52533.914063,49072.378906,49207.277344,,,CDL3OUTSIDE_Bull,1.0
202,2021-02-18,51679.796875,52474.105469,51015.765625,52140.972656,,,NO_PATTERN,0.0
203,2021-02-19,55888.132813,56113.652344,50937.277344,51675.980469,,,CDLENGULFING_Bull,1.0
204,2021-02-20,56099.519531,57505.226563,54626.558594,55887.335938,,,CDL3OUTSIDE_Bull,1.0
205,2021-02-21,57539.945313,58330.570313,55672.609375,56068.566406,,,NO_PATTERN,0.0
206,2021-02-22,54207.320313,57533.390625,48967.566406,57532.738281,,,NO_PATTERN,0.0
207,2021-02-23,48824.425781,54204.929688,45290.589844,54204.929688,,,NO_PATTERN,0.0
208,2021-02-24,49705.332031,51290.136719,47213.5,48835.085938,,,NO_PATTERN,0.0
209,2021-02-25,47093.851563,51948.96875,47093.851563,49709.082031,,,CDLENGULFING_Bear,1.0
210,2021-02-26,46339.761719,48370.785156,44454.84375,47180.464844,,,CDL3OUTSIDE_Bear,1.0
211,2021-02-27,46188.453125,48253.269531,45269.027344,46344.773438,,,NO_PATTERN,0.0
212,2021-02-28,45137.769531,46716.429688,43241.617188,46194.015625,,,CDLHIKKAKE_Bull,1.0
213,2021-03-01,49631.242188,49784.015625,45115.09375,45159.503906,,,CDLHIKKAKE_Bull,1.0
214,2021-03-02,48378.988281,50127.511719,47228.84375,49612.105469,,,NO_PATTERN,0.0
215,2021-03-03,50538.242188,52535.136719,48274.320313,48415.816406,,,NO_PATTERN,0.0
216,2021-03-04,48561.167969,51735.089844,47656.929688,50522.304688,,,NO_PATTERN,0.0
217,2021-03-05,48927.304688,49396.429688,46542.515625,48527.03125,,,NO_PATTERN,0.0
218,2021-03-06,48912.382813,49147.21875,47257.527344,48899.230469,,,NO_PATTERN,0.0
219,2021-03-07,51206.691406,51384.367188,48918.679688,48918.679688,,,CDLHIKKAKE_Bear,1.0
220,2021-03-08,52246.523438,52314.070313,49506.054688,51174.117188,,,NO_PATTERN,0.0
221,2021-03-09,54824.117188,54824.117188,51981.832031,52272.96875,,,NO_PATTERN,0.0
222,2021-03-10,56008.550781,57258.253906,53290.890625,54824.011719,,,NO_PATTERN,0.0
223,2021-03-11,57805.121094,58091.0625,54484.59375,55963.179688,,,NO_PATTERN,0.0
224,2021-03-12,57332.089844,57996.621094,55376.648438,57821.21875,,,NO_PATTERN,0.0
225,2021-03-13,61243.085938,61683.863281,56217.972656,57343.371094,,,CDLHIKKAKE_Bear,1.0
226,2021-03-14,59302.316406,61597.917969,59302.316406,61221.132813,,,NO_PATTERN,0.0
227,2021-03-15,55907.199219,60540.992188,55393.164063,59267.429688,,,CDLHIKKAKE_Bull,1.0
228,2021-03-16,56804.902344,56833.179688,53555.027344,55840.785156,,,NO_PATTERN,0.0
229,2021-03-17,58870.894531,58969.816406,54528.628906,56825.828125,,,NO_PATTERN,0.0
230,2021-03-18,57858.921875,60116.25,54253.578125,58893.078125,,,NO_PATTERN,0.0
231,2021-03-19,58346.652344,59498.375,56643.703125,57850.441406,,,NO_PATTERN,0.0
232,2021-03-20,58313.644531,60031.285156,58213.296875,58332.261719,,,CDLHIKKAKE_Bear,1.0
233,2021-03-21,57523.421875,58767.898438,56005.617188,58309.914063,,,NO_PATTERN,0.0
234,2021-03-22,54529.144531,58471.480469,54288.15625,57517.890625,,,CDLHIKKAKE_Bear,1.0
235,2021-03-23,54738.945313,55985.441406,53470.695313,54511.660156,,,NO_PATTERN,0.0
236,2021-03-24,52774.265625,57262.382813,52514.332031,54710.488281,,,NO_PATTERN,0.0
237,2021-03-25,51704.160156,53392.386719,50856.570313,52726.746094,,,NO_PATTERN,0.0
238,2021-03-26,55137.3125,55137.3125,51579.855469,51683.011719,,,CDLENGULFING_Bull,1.0
239,2021-03-27,55973.511719,56568.214844,54242.910156,55137.566406,,,CDL3OUTSIDE_Bull,1.0
240,2021-03-28,55950.746094,56610.3125,55071.113281,55974.941406,,,NO_PATTERN,0.0
241,2021-03-29,57750.199219,58342.097656,55139.339844,55947.898438,,,CDLENGULFING_Bull,1.0
242,2021-03-30,58917.691406,59447.222656,57251.550781,57750.132813,,,CDL3OUTSIDE_Bull,1.0
243,2021-03-31,58918.832031,59930.027344,57726.417969,58930.277344,,,NO_PATTERN,0.0
244,2021-04-01,59095.808594,59586.070313,58505.277344,58926.5625,,,NO_PATTERN,0.0
245,2021-04-02,59384.3125,60267.1875,58869.28125,59098.878906,,,CDLHIKKAKE_Bear,1.0
246,2021-04-03,57603.890625,60110.269531,57603.890625,59397.410156,,,CDLHIKKAKE_Bear,2.0
247,2021-04-04,58758.554688,58913.746094,57168.675781,57604.839844,,,NO_PATTERN,0.0
248,2021-04-05,59057.878906,59891.296875,57694.824219,58760.875,,,NO_PATTERN,0.0
249,2021-04-06,58192.359375,59479.578125,57646.808594,59171.933594,,,CDLENGULFING_Bear,1.0
250,2021-04-07,56048.9375,58731.144531,55604.023438,58186.507813,,,CDL3OUTSIDE_Bear,1.0
251,2021-04-08,58323.953125,58338.738281,55879.085938,56099.914063,,,CDLXSIDEGAP3METHODS_Bear,1.0
252,2021-04-09,58245.003906,58937.046875,57807.863281,58326.5625,,,CDLHIKKAKE_Bear,1.0
253,2021-04-10,59793.234375,61276.664063,58038.707031,58253.777344,,,NO_PATTERN,0.0
254,2021-04-11,60204.964844,60790.554688,59289.796875,59846.230469,,,NO_PATTERN,0.0
255,2021-04-12,59893.453125,61253.035156,59589.875,60175.945313,,,CDLHIKKAKE_Bear,1.0
256,2021-04-13,63503.457031,63742.285156,59869.957031,59890.019531,,,CDLENGULFING_Bull,1.0
257,2021-04-14,63109.695313,64863.097656,61554.796875,63523.753906,,,NO_PATTERN,0.0
258,2021-04-15,63314.011719,63821.671875,62208.964844,63075.195313,,,NO_PATTERN,0.0
259,2021-04-16,61572.789063,63594.722656,60222.53125,63258.503906,,,CDLHIKKAKE_Bull,1.0
260,2021-04-17,60683.820313,62572.175781,60361.351563,61529.921875,,,NO_PATTERN,0.0
261,2021-04-18,56216.183594,61057.457031,52829.535156,60701.886719,,,CDLHIKKAKE_Bull,1.0
262,2021-04-19,55724.265625,57520.054688,54368.59375,56191.585938,,,NO_PATTERN,0.0
263,2021-04-20,56473.03125,57062.148438,53448.046875,55681.792969,,,CDLENGULFING_Bull,2.0
264,2021-04-21,53906.089844,56757.972656,53695.46875,56471.128906,,,NO_PATTERN,0.0
265,2021-04-22,51762.273438,55410.230469,50583.8125,53857.105469,,,CDLHIKKAKE_Bull,1.0
266,2021-04-23,51093.652344,52120.792969,47714.664063,51739.808594,,,NO_PATTERN,0.0
267,2021-04-24,50050.867188,51167.5625,48805.285156,51143.226563,,,NO_PATTERN,0.0
268,2021-04-25,49004.253906,50506.019531,47159.484375,50052.832031,,,CDLHIKKAKE_Bull,1.0
269,2021-04-26,54021.753906,54288.003906,48852.796875,49077.792969,,,CDLHIKKAKE_Bull,1.0
270,2021-04-27,55033.117188,55416.964844,53319.1875,54030.304688,,,NO_PATTERN,0.0
271,2021-04-28,54824.703125,56227.207031,53887.917969,55036.636719,,,NO_PATTERN,0.0
272,2021-04-29,53555.109375,55115.84375,52418.027344,54858.089844,,,NO_PATTERN,0.0
273,2021-04-30,57750.175781,57900.71875,53129.601563,53568.664063,,,NO_PATTERN,0.0
274,2021-05-01,57828.050781,58448.339844,57052.273438,57714.664063,,,NO_PATTERN,0.0
275,2021-05-02,56631.078125,57902.59375,56141.90625,57825.863281,,,NO_PATTERN,0.0
276,2021-05-03,57200.292969,58973.308594,56590.871094,56620.273438,,,NO_PATTERN,0.0
277,2021-05-04,53333.539063,57214.179688,53191.425781,57214.179688,,,CDLENGULFING_Bear,1.0
278,2021-05-05,57424.007813,57911.363281,52969.054688,53252.164063,,,CDLENGULFING_Bull,1.0
279,2021-05-06,56396.515625,58363.316406,55382.507813,57441.308594,,,NO_PATTERN,0.0
280,2021-05-07,57356.402344,58606.632813,55321.847656,56413.953125,,,NO_PATTERN,0.0
281,2021-05-08,58803.777344,59464.613281,56975.210938,57352.765625,,,NO_PATTERN,0.0
282,2021-05-09,58232.316406,59210.882813,56482.003906,58877.390625,,,NO_PATTERN,0.0
283,2021-05-10,55859.796875,59519.355469,54071.457031,58250.871094,,,NO_PATTERN,0.0
284,2021-05-11,56704.574219,56872.542969,54608.652344,55847.242188,,,NO_PATTERN,0.0
285,2021-05-12,49150.535156,57939.363281,49150.535156,56714.53125,,,CDLENGULFING_Bear,1.0
286,2021-05-13,49716.191406,51330.84375,46980.019531,49735.433594,,,NO_PATTERN,0.0
287,2021-05-14,49880.535156,51438.117188,48868.578125,49682.980469,,,CDLENGULFING_Bull,1.0
288,2021-05-15,46760.1875,50639.664063,46664.140625,49855.496094,,,NO_PATTERN,0.0
289,2021-05-16,46456.058594,49720.042969,43963.351563,46716.636719,,,NO_PATTERN,0.0
290,2021-05-17,43537.511719,46623.558594,42207.289063,46415.898438,,,NO_PATTERN,0.0
291,2021-05-18,42909.402344,45812.457031,42367.832031,43488.058594,,,NO_PATTERN,0.0
292,2021-05-19,37002.441406,43546.117188,30681.496094,42944.976563,,,CDLHIKKAKE_Bull,1.0
293,2021-05-20,40782.738281,42462.984375,35050.617188,36753.667969,,,NO_PATTERN,0.0
294,2021-05-21,37304.691406,42172.171875,33616.453125,40596.949219,,,CDLHIKKAKE_Bull,1.0
295,2021-05-22,37536.632813,38831.054688,35383.683594,37371.03125,,,NO_PATTERN,0.0
296,2021-05-23,34770.582031,38289.21875,31227.339844,37531.449219,,,CDLHIKKAKE_Bull,1.0
297,2021-05-24,38705.980469,39835.140625,34551.082031,34700.363281,,,CDLENGULFING_Bull,1.0
298,2021-05-25,38402.222656,39776.351563,36581.429688,38795.78125,,,NO_PATTERN,0.0
299,2021-05-26,39294.199219,40782.078125,37905.835938,38392.625,,,CDLHIKKAKE_Bear,2.0
300,2021-05-27,38436.96875,40379.617188,37247.902344,39316.890625,,,NO_PATTERN,0.0
301,2021-05-28,35697.605469,38856.96875,34779.039063,38507.082031,,,CDLHIKKAKE_Bear,1.0
302,2021-05-29,34616.066406,37234.5,33693.929688,35684.15625,,,NO_PATTERN,0.0
303,2021-05-30,35678.128906,36400.667969,33520.738281,34607.40625,,,NO_PATTERN,0.0
304,2021-05-31,37332.855469,37468.25,34241.945313,35658.59375,,,NO_PATTERN,0.0
305,2021-06-01,36684.925781,37896.734375,35787.085938,37293.792969,,,NO_PATTERN,0.0
306,2021-06-02,37575.179688,38231.339844,35966.308594,36699.921875,,,NO_PATTERN,0.0
307,2021-06-03,39208.765625,39478.953125,37243.972656,37599.410156,,,NO_PATTERN,0.0
308,2021-06-04,36894.40625,39242.484375,35717.722656,39242.484375,,,CDLENGULFING_Bear,1.0
309,2021-06-05,35551.957031,37917.714844,34900.414063,36880.15625,,,CDL3OUTSIDE_Bear,1.0
310,2021-06-06,35862.378906,36436.421875,35304.578125,35538.609375,,,NO_PATTERN,0.0
311,2021-06-07,33560.707031,36790.570313,33480.640625,35835.265625,,,NO_PATTERN,0.0
312,2021-06-08,33472.632813,34017.386719,31114.443359,33589.519531,,,NO_PATTERN,0.0
313,2021-06-09,37345.121094,37537.371094,32475.865234,33416.976563,,,CDLENGULFING_Bull,1.0
314,2021-06-10,36702.597656,38334.324219,35847.59375,37389.515625,,,NO_PATTERN,0.0
315,2021-06-11,37334.398438,37608.695313,36044.449219,36697.03125,,,NO_PATTERN,0.0
316,2021-06-12,35552.515625,37408.925781,34728.191406,37340.144531,,,CDLHIKKAKE_Bull,2.0
317,2021-06-13,39097.859375,39322.78125,34864.109375,35555.789063,,,CDLHIKKAKE_Bull,1.0
318,2021-06-14,40218.476563,40978.363281,38757.285156,39016.96875,,,NO_PATTERN,0.0
319,2021-06-15,40406.269531,41295.269531,39609.46875,40427.167969,,,NO_PATTERN,0.0
320,2021-06-16,38347.0625,40516.777344,38176.035156,40168.691406,,,NO_PATTERN,0.0
321,2021-06-17,38053.503906,39513.671875,37439.675781,38341.421875,,,NO_PATTERN,0.0
322,2021-06-18,35787.246094,38187.261719,35255.855469,38099.476563,,,NO_PATTERN,0.0
323,2021-06-19,35615.871094,36457.796875,34933.0625,35854.527344,,,NO_PATTERN,0.0
324,2021-06-20,35698.296875,36059.484375,33432.074219,35563.140625,,,NO_PATTERN,0.0
325,2021-06-21,31676.693359,35721.640625,31295.935547,35641.144531,,,NO_PATTERN,0.0
326,2021-06-22,32505.660156,33292.453125,28893.621094,31622.376953,,,NO_PATTERN,0.0
327,2021-06-23,33723.027344,34753.410156,31772.632813,32515.714844,,,NO_PATTERN,0.0
328,2021-06-24,34662.4375,35228.851563,32385.214844,33682.800781,,,NO_PATTERN,0.0
329,2021-06-25,31637.779297,35487.246094,31350.884766,34659.105469,,,NO_PATTERN,0.0
330,2021-06-26,32186.277344,32637.587891,30184.501953,31594.664063,,,NO_PATTERN,0.0
331,2021-06-27,34649.644531,34656.128906,32071.757813,32287.523438,,,NO_PATTERN,0.0
332,2021-06-28,34434.335938,35219.890625,33902.074219,34679.121094,,,NO_PATTERN,0.0
333,2021-06-29,35867.777344,36542.109375,34252.484375,34475.558594,,,NO_PATTERN,0.0
334,2021-06-30,35040.835938,36074.757813,34086.152344,35908.386719,,,NO_PATTERN,0.0
335,2021-07-01,33572.117188,35035.984375,32883.78125,35035.984375,,,NO_PATTERN,0.0
336,2021-07-02,33897.046875,33939.589844,32770.679688,33549.601563,,,NO_PATTERN,0.0
337,2021-07-03,34668.546875,34909.261719,33402.695313,33854.421875,,,NO_PATTERN,0.0
338,2021-07-04,35287.78125,35937.566406,34396.476563,34665.566406,,,NO_PATTERN,0.0
339,2021-07-05,33746.003906,35284.34375,33213.660156,35284.34375,,,NO_PATTERN,0.0
340,2021-07-06,34235.195313,35038.535156,33599.917969,33723.507813,,,NO_PATTERN,0.0
341,2021-07-07,33855.328125,34997.664063,33839.289063,34225.679688,,,NO_PATTERN,0.0
342,2021-07-08,32877.371094,33907.90625,32133.183594,33889.605469,,,CDLHIKKAKE_Bull,1.0
343,2021-07-09,33798.011719,34042.292969,32318.880859,32861.671875,,,NO_PATTERN,0.0
344,2021-07-10,33520.519531,34209.070313,33116.011719,33811.242188,,,NO_PATTERN,0.0
345,2021-07-11,34240.1875,34584.703125,33346.738281,33509.078125,,,CDLENGULFING_Bull,1.0
346,2021-07-12,33155.847656,34592.15625,32697.308594,34254.015625,,,CDLENGULFING_Bear,1.0
347,2021-07-13,32702.025391,33327.101563,32261.419922,33125.46875,,,CDL3OUTSIDE_Bear,1.0
348,2021-07-14,32822.347656,33061.398438,31639.125,32723.845703,,,NO_PATTERN,0.0
349,2021-07-15,31780.730469,33159.640625,31175.708984,32827.875,,,CDLENGULFING_Bear,1.0
350,2021-07-16,31421.539063,32218.40625,31100.673828,31841.550781,,,CDL3OUTSIDE_Bear,1.0
351,2021-07-17,31533.068359,31935.945313,31223.990234,31397.308594,,,NO_PATTERN,0.0
352,2021-07-18,31796.810547,32398.996094,31215.492188,31533.884766,,,NO_PATTERN,0.0
353,2021-07-19,30817.832031,31885.859375,30563.734375,31800.011719,,,CDLENGULFING_Bear,1.0
354,2021-07-20,29807.347656,31006.1875,29360.955078,30838.285156,,,CDL3OUTSIDE_Bear,1.0
355,2021-07-21,32110.693359,32752.326172,29526.183594,29796.285156,,,CDLENGULFING_Bull,1.0
356,2021-07-22,32313.105469,32576.400391,31745.298828,32138.873047,,,CDL3OUTSIDE_Bull,1.0
357,2021-07-23,33581.550781,33581.550781,32057.892578,32305.958984,,,CDLHIKKAKE_Bear,1.0
358,2021-07-24,34292.445313,34490.390625,33424.859375,33593.730469,,,NO_PATTERN,0.0
359,2021-07-25,35350.1875,35364.925781,33881.835938,34290.292969,,,NO_PATTERN,0.0
360,2021-07-26,37337.535156,40499.675781,35287.3125,35384.03125,,,NO_PATTERN,0.0
361,2021-07-27,39406.941406,39406.941406,36441.726563,37276.035156,,,NO_PATTERN,0.0
362,2021-07-28,39995.90625,40816.070313,38862.4375,39503.1875,,,CDLHIKKAKE_Bear,1.0
363,2021-07-29,40008.421875,40593.070313,39352.058594,39995.453125,,,NO_PATTERN,0.0
364,2021-07-30,40873.453125,40975.476563,38397.355469,40013.832031,,,NO_PATTERN,0.0
